{"stats":{"minecraft:killed":{"born_in_chaos_v1:zombie_clown":1,"minecraft:cave_spider":5,"irons_spellbooks:summoned_zombie":2,"born_in_chaos_v1:restless_spirit":2,"minecraft:spider":3,"born_in_chaos_v1:siamese_skeletonsright":2,"born_in_chaos_v1:zombie_bruiser":1,"born_in_chaos_v1:baby_skeleton_minion":1,"born_in_chaos_v1:maggot":8,"born_in_chaos_v1:baby_spider":9,"minecraft:skeleton":8,"earthmobsmod:cookie_cow":2,"artifacts:mimic":1,"born_in_chaos_v1:fallen_chaos_knight":1,"earthmobsmod:bouldering_zombie":4,"minecraft:zombie_villager":2,"born_in_chaos_v1:diamond_termite":5,"born_in_chaos_v1:baby_skeleton":2,"born_in_chaos_v1:swarmer":1,"minecraft:creeper":2,"born_in_chaos_v1:decrepit_skeleton":2,"minecraft:sheep":3,"tinyskeletons:baby_skeleton":1,"alexsmobs:cockroach":1,"minecraft:zombie":8,"born_in_chaos_v1:dread_hound":4,"born_in_chaos_v1:corpse_fly":20,"born_in_chaos_v1:nightmare_stalker":1,"born_in_chaos_v1:door_knight":3,"born_in_chaos_v1:siamese_skeletonsleft":2},"minecraft:used":{"minecraft:moss_carpet":1,"minecraft:stone_sword":15,"minecraft:shield":39,"minecraft:iron_sword":262,"minecraft:rotten_flesh":3,"minecraft:torch":178,"minecraft:mutton":3,"born_in_chaos_v1:corpse_maggot":11,"minecraft:dark_oak_planks":33,"minecraft:wooden_axe":12,"minecraft:furnace":2,"minecraft:cobbled_deepslate":12,"minecraft:golden_axe":27,"minecraft:water_bucket":7,"minecraft:stone_pickaxe":156,"minecraft:wooden_pickaxe":5,"soulsweapons:moonstone_pickaxe":6,"minecraft:deepslate_bricks":1,"minecraft:glow_berries":5,"soulsweapons:bluemoon_greatsword":114,"minecraft:crafting_table":2,"minecraft:string":1,"minecraft:iron_pickaxe":328,"minecraft:cooked_porkchop":4,"minecraft:bucket":7,"minecraft:andesite":22},"minecraft:crafted":{"minecraft:oak_planks":4,"minecraft:coal":18,"minecraft:furnace":1,"minecraft:iron_axe":1,"minecraft:stone_pickaxe":2,"minecraft:dark_oak_planks":564,"sophisticatedbackpacks:iron_backpack":1,"minecraft:cooked_porkchop":2,"minecraft:crafting_table":1,"minecraft:iron_sword":1,"minecraft:bucket":1,"minecraft:air":0,"minecraft:shield":1,"minecraft:stick":60,"minecraft:iron_pickaxe":2,"minecraft:iron_ingot":23,"minecraft:stone_sword":1,"minecraft:iron_shovel":1,"minecraft:torch":136},"minecraft:mined":{"minecraft:dark_oak_planks":5,"create:zinc_ore":1,"biomesoplenty:glowing_moss_block":2,"minecraft:large_amethyst_bud":1,"create:deepslate_zinc_ore":13,"minecraft:tuff":7,"minecraft:mossy_cobblestone":1,"minecraft:deepslate_diamond_ore":2,"minecraft:dark_oak_log":2,"minecraft:brewing_stand":1,"minecraft:obsidian":3,"minecraft:glow_lichen":4,"minecraft:granite":7,"minecraft:grass_block":3,"minecraft:coal_block":26,"minecraft:deepslate_bricks":2,"minecraft:moss_block":3,"realmrpg_skeletons:dungeon_crawler_skeleton":1,"minecraft:spawner":5,"epicsamurai:deepslate_jade_ore":2,"minecraft:furnace":2,"minecraft:iron_ore":26,"minecraft:cobbled_deepslate":5,"minecraft:andesite":23,"minecraft:deepslate_lapis_ore":3,"soulsweapons:moonstone_ore_deepslate":16,"minecraft:bookshelf":29,"biomesoplenty:high_grass":1,"minecraft:cave_vines":1,"minecraft:deepslate_iron_ore":48,"epicsamurai:deepslate_silver_ore":15,"minecraft:lantern":2,"minecraft:stone":119,"biomesoplenty:spider_egg":1,"minecraft:iron_block":1,"minecraft:smithing_table":1,"soulsweapons:verglas_ore_deepslate":1,"minecraft:amethyst_cluster":1,"epicsamurai:deepslate_aquamarine_ore":6,"minecraft:crafting_table":1,"minecraft:clay":2,"born_in_chaos_v1:infected_deepslate_diamond_ore":3,"minecraft:torch":2,"minecraft:blackstone_slab":1,"minecraft:calcite":2,"minecraft:copper_ore":1,"minecraft:tall_grass":5,"minecraft:cobblestone":1,"minecraft:deepslate_gold_ore":13,"minecraft:diorite":1,"minecraft:amethyst_block":1,"minecraft:wall_torch":2,"minecraft:deepslate_copper_ore":1,"minecraft:gray_bed":1,"minecraft:grass":5,"biomesoplenty:clover":2,"minecraft:oak_log":1,"minecraft:coal_ore":43,"minecraft:gravel":3,"minecraft:dirt":6,"minecraft:cobweb":33,"minecraft:smooth_basalt":2,"minecraft:gold_ore":1,"minecraft:oak_leaves":1,"minecraft:deepslate":53},"minecraft:broken":{"minecraft:stone_pickaxe":1,"minecraft:iron_pickaxe":1},"minecraft:dropped":{"minecraft:oak_log":2,"minecraft:diamond":5,"minecraft:dark_oak_sapling":1,"minecraft:golden_axe":1,"minecraft:cobblestone":192,"minecraft:leather":2,"minecraft:granite":10,"minecraft:item_frame":11,"minecraft:stick":8,"minecraft:red_carpet":4,"minecraft:red_mushroom":4,"minecraft:dirt":17,"minecraft:dark_oak_log":2,"minecraft:torch":28,"minecraft:wooden_axe":1,"minecraft:chain":2,"minecraft:iron_pickaxe":1,"minecraft:string":39,"minecraft:dark_oak_planks":376,"minecraft:smooth_basalt":1,"minecraft:bone":12,"create:raw_zinc":1,"minecraft:moss_carpet":1,"minecraft:raw_copper":3,"alexsmobs:animal_dictionary":1,"minecraft:cobbled_deepslate":13,"minecraft:wheat":3,"soulsweapons:moonstone":4,"minecraft:raw_iron":4,"minecraft:chicken":2,"minecraft:rotten_flesh":8,"minecraft:clay_ball":2,"minecraft:azure_bluet":6,"dungeonnowloading:spawner_fragment":5,"soulsweapons:verglas":1,"artifacts:running_shoes":1,"minecraft:iron_chestplate":1,"minecraft:charcoal":12,"born_in_chaos_v1:corpse_maggot":1,"minecraft:golden_leggings":1,"minecraft:blackstone_slab":1,"minecraft:wooden_pickaxe":1,"minecraft:golden_boots":1,"minecraft:iron_ingot":7,"sophisticatedbackpacks:iron_backpack":1,"minecraft:iron_sword":1},"minecraft:custom":{"minecraft:interact_with_anvil":2,"minecraft:mob_kills":109,"minecraft:interact_with_crafting_table":21,"minecraft:open_barrel":24,"minecraft:damage_dealt_resisted":2206,"minecraft:leave_game":6,"minecraft:time_since_death":21659,"minecraft:climb_one_cm":4840,"minecraft:sprint_one_cm":348736,"minecraft:walk_one_cm":691224,"minecraft:damage_blocked_by_shield":1590,"minecraft:drop":90,"minecraft:play_time":174239,"minecraft:deaths":17,"minecraft:sneak_time":2765,"minecraft:walk_under_water_one_cm":5909,"minecraft:jump":2361,"minecraft:interact_with_blast_furnace":10,"minecraft:walk_on_water_one_cm":15239,"minecraft:total_world_time":174239,"minecraft:interact_with_furnace":12,"minecraft:sleep_in_bed":1,"minecraft:time_since_rest":21726,"minecraft:waystone_activated":1,"minecraft:damage_taken":7180,"minecraft:trigger_trapped_chest":2,"minecraft:damage_dealt":16818,"minecraft:swim_one_cm":4789,"minecraft:fly_one_cm":330857,"minecraft:open_chest":89,"minecraft:crouch_one_cm":6588,"minecraft:interact_with_smoker":1,"minecraft:fall_one_cm":53455,"minecraft:horse_one_cm":80},"minecraft:picked_up":{"minecraft:wooden_axe":1,"minecraft:iron_chestplate":2,"minecraft:crafting_table":2,"born_in_chaos_v1:diamond_termite_shard":6,"minecraft:wheat":5,"minecraft:azure_bluet":6,"minecraft:chicken":2,"minecraft:clay_ball":2,"irons_spellbooks:affinity_ring":1,"minecraft:smithing_table":1,"minecraft:wooden_pickaxe":1,"soulsweapons:moonstone":20,"minecraft:chain":4,"minecraft:brewing_stand":1,"minecraft:shield":1,"minecraft:raw_copper":3,"minecraft:string":60,"minecraft:moss_carpet":4,"minecraft:iron_axe":1,"minecraft:iron_leggings":2,"minecraft:item_frame":11,"minecraft:iron_shovel":1,"minecraft:experience_bottle":2,"dungeonnowloading:spawner_fragment":22,"irons_spellbooks:arcane_essence":1,"minecraft:cobbled_deepslate":78,"minecraft:bucket":2,"minecraft:beef":5,"minecraft:iron_pickaxe":3,"irons_spellbooks:emerald_stoneplate_ring":1,"minecraft:coal_block":32,"knightlib:small_essence":7,"minecraft:furnace":1,"minecraft:iron_boots":2,"minecraft:dark_oak_sapling":1,"minecraft:raw_iron":73,"minecraft:torch":114,"minecraft:white_dye":2,"born_in_chaos_v1:nightmare_claw":1,"minecraft:redstone":2,"minecraft:stone_pressure_plate":1,"minecraft:dark_oak_planks":343,"minecraft:arrow":2,"minecraft:rotten_flesh":37,"minecraft:pumpkin_pie":1,"relics:horse_flute":1,"minecraft:deepslate_bricks":1,"soulsweapons:bluemoon_greatsword":1,"minecraft:gold_ingot":2,"minecraft:glow_berries":3,"minecraft:mutton":4,"minecraft:obsidian":3,"soulsweapons:moonstone_pickaxe":1,"minecraft:cobblestone":212,"minecraft:white_wool":3,"born_in_chaos_v1:fused_bone":4,"born_in_chaos_v1:corpse_maggot":20,"minecraft:feather":10,"born_in_chaos_v1:monster_flesh":3,"minecraft:water_bucket":1,"minecraft:andesite":22,"minecraft:leather":2,"minecraft:golden_leggings":1,"minecraft:blackstone_slab":1,"biomesoplenty:glowshroom":2,"minecraft:red_mushroom":4,"minecraft:flint":1,"minecraft:oak_log":3,"minecraft:tuff":4,"create:raw_zinc":15,"minecraft:lapis_lazuli":7,"minecraft:dirt":19,"minecraft:lantern":12,"born_in_chaos_v1:monster_skin":4,"minecraft:red_carpet":4,"minecraft:bone":24,"born_in_chaos_v1:spider_mandible":2,"minecraft:bow":1,"minecraft:wheat_seeds":3,"minecraft:raw_gold":21,"minecraft:stone_pickaxe":1,"minecraft:iron_ingot":8,"relics:infinity_ham":3,"epicsamurai:aquamarine":6,"minecraft:moss_block":2,"epicsamurai:raw_silver":14,"minecraft:iron_sword":3,"minecraft:book":63,"minecraft:smooth_basalt":1,"minecraft:cooked_porkchop":2,"born_in_chaos_v1:ethereal_spirit":2,"minecraft:poisonous_potato":1,"earthmobsmod:harder_flesh":5,"minecraft:amethyst_shard":4,"sophisticatedbackpacks:iron_backpack":2,"minecraft:dark_oak_log":285,"biomesoplenty:glowing_moss_block":4,"minecraft:spider_eye":5,"alexsmobs:animal_dictionary":1,"minecraft:mossy_cobblestone":1,"minecraft:diamond":5,"minecraft:iron_helmet":2,"minecraft:granite":10,"soulsweapons:verglas":1,"minecraft:emerald":1,"minecraft:coal":66},"minecraft:killed_by":{"irons_spellbooks:summoned_skeleton":3,"born_in_chaos_v1:baby_spider":2,"born_in_chaos_v1:zombie_bruiser":1,"born_in_chaos_v1:corpse_fly":1,"born_in_chaos_v1:mother_spider":1,"creeperoverhaul:cave_creeper":1,"irons_spellbooks:necromancer":4,"minecraft:cave_spider":1,"artifacts:mimic":1,"born_in_chaos_v1:dread_hound":2}},"DataVersion":3465}