{"stats":{"minecraft:broken":{"minecraft:stone_pickaxe":1,"epicsamurai:red_samurai_boots_light":1,"epicsamurai:red_samurai_helmet_light":1,"minecraft:iron_pickaxe":1,"minecraft:iron_helmet":1},"minecraft:killed_by":{"born_in_chaos_v1:baby_spider":2,"born_in_chaos_v1:zombie_bruiser":1,"born_in_chaos_v1:corpse_fly":1,"creeperoverhaul:cave_creeper":1,"minecraft:cave_spider":1,"artifacts:mimic":1,"minecraft:player":4,"irons_spellbooks:summoned_skeleton":4,"minecraft:spider":1,"born_in_chaos_v1:mother_spider":1,"irons_spellbooks:necromancer":4,"born_in_chaos_v1:dread_hound":2},"minecraft:used":{"minecraft:moss_carpet":1,"minecraft:writable_book":1,"minecraft:iron_shovel":1,"minecraft:oak_sign":1,"minecraft:shield":39,"minecraft:iron_sword":262,"minecraft:rotten_flesh":3,"minecraft:mutton":3,"born_in_chaos_v1:corpse_maggot":11,"minecraft:furnace":2,"too_many_bows:arcane_bow":46,"minecraft:stone_pickaxe":156,"minecraft:wooden_pickaxe":5,"minecraft:diamond_axe":1,"minecraft:glow_berries":5,"soulsweapons:bluemoon_greatsword":921,"relics:horse_flute":10,"minecraft:string":1,"minecraft:andesite":22,"minecraft:stone_sword":15,"minecraft:enchanting_table":1,"minecraft:flint_and_steel":2,"minecraft:torch":556,"minecraft:wooden_axe":12,"minecraft:dark_oak_planks":33,"minecraft:bookshelf":19,"minecraft:cobbled_deepslate":17,"minecraft:golden_axe":27,"minecraft:calcite":1,"minecraft:water_bucket":16,"soulsweapons:moonstone_pickaxe":866,"minecraft:deepslate_bricks":1,"minecraft:crafting_table":2,"minecraft:iron_pickaxe":354,"enchantinginfuser:enchanting_infuser":1,"minecraft:cobblestone":2,"minecraft:cooked_porkchop":4,"minecraft:bucket":17},"minecraft:custom":{"minecraft:interact_with_crafting_table":34,"minecraft:open_barrel":65,"minecraft:eat_cake_slice":1,"minecraft:leave_game":7,"minecraft:time_since_death":84802,"minecraft:sprint_one_cm":777826,"minecraft:damage_blocked_by_shield":1590,"minecraft:drop":162,"minecraft:talked_to_villager":2,"minecraft:play_time":405922,"minecraft:deaths":25,"minecraft:jump":6551,"minecraft:walk_on_water_one_cm":51633,"minecraft:enchant_item":3,"minecraft:interact_with_furnace":13,"minecraft:interact_with_loom":1,"minecraft:sleep_in_bed":2,"minecraft:waystone_activated":4,"minecraft:damage_dealt":65939,"minecraft:player_kills":3,"minecraft:crouch_one_cm":8657,"minecraft:interact_with_smoker":1,"minecraft:horse_one_cm":2013,"minecraft:interact_with_anvil":2,"minecraft:mob_kills":414,"minecraft:damage_dealt_resisted":7496,"minecraft:climb_one_cm":8884,"minecraft:walk_one_cm":1457084,"minecraft:sneak_time":3581,"minecraft:walk_under_water_one_cm":18819,"minecraft:interact_with_blast_furnace":13,"minecraft:total_world_time":405922,"minecraft:time_since_rest":84825,"minecraft:damage_taken":16464,"minecraft:trigger_trapped_chest":2,"minecraft:swim_one_cm":43151,"minecraft:fly_one_cm":1076619,"minecraft:open_chest":321,"minecraft:fall_one_cm":194468},"minecraft:crafted":{"minecraft:oak_planks":4,"minecraft:bookshelf":21,"epicsamurai:green_samurai_helmet":1,"enchantinginfuser:enchanting_infuser":1,"minecraft:cooked_porkchop":2,"minecraft:crafting_table":1,"minecraft:shield":1,"minecraft:stick":196,"minecraft:iron_pickaxe":2,"minecraft:iron_ingot":23,"minecraft:stone_sword":1,"minecraft:coal":108,"minecraft:furnace":1,"minecraft:iron_axe":1,"minecraft:stone_pickaxe":2,"minecraft:dark_oak_planks":888,"sophisticatedbackpacks:iron_backpack":1,"minecraft:enchanting_table":1,"minecraft:iron_sword":1,"minecraft:bucket":1,"minecraft:air":0,"minecraft:iron_shovel":1,"epicsamurai:steel_ingot":2,"minecraft:torch":624},"minecraft:mined":{"minecraft:dark_oak_planks":5,"minecraft:large_amethyst_bud":1,"create:deepslate_zinc_ore":54,"iceandfire:graveyard_soil":1,"minecraft:brewing_stand":1,"minecraft:obsidian":4,"minecraft:spruce_trapdoor":2,"minecraft:granite":13,"epicsamurai:silver_ore":12,"minecraft:grass_block":3,"minecraft:stone_brick_wall":3,"minecraft:oak_pressure_plate":2,"minecraft:deepslate_bricks":2,"minecraft:coal_block":26,"minecraft:oak_wall_sign":1,"minecraft:spawner":13,"realmrpg_skeletons:dungeon_crawler_skeleton":1,"epicsamurai:deepslate_jade_ore":4,"minecraft:iron_ore":135,"minecraft:fire":1,"minecraft:cobbled_deepslate":11,"minecraft:deepslate_lapis_ore":3,"minecraft:enchanting_table":1,"create:asurine":1,"minecraft:cave_vines":1,"minecraft:oak_stairs":1,"epicsamurai:deepslate_silver_ore":38,"minecraft:iron_block":1,"create:limestone":5,"minecraft:deepslate_redstone_ore":12,"soulsweapons:verglas_ore_deepslate":11,"minecraft:amethyst_cluster":1,"minecraft:clay":2,"born_in_chaos_v1:infected_deepslate_diamond_ore":6,"minecraft:torch":9,"minecraft:calcite":7,"minecraft:polished_andesite_stairs":3,"minecraft:cobblestone":3,"minecraft:wall_torch":15,"minecraft:amethyst_block":6,"minecraft:deepslate_copper_ore":6,"epicsamurai:aquamarine_ore":9,"celestisynth:lunar_stone":1,"minecraft:stone_brick_stairs":1,"minecraft:grass":7,"biomesoplenty:clover":2,"minecraft:oak_log":1,"minecraft:dirt":6,"minecraft:smooth_basalt":3,"minecraft:netherrack":1,"create:crimsite":1,"minecraft:oak_leaves":1,"minecraft:deepslate":165,"minecraft:emerald_block":1,"soulsweapons:verglas_ore":9,"create:zinc_ore":39,"biomesoplenty:glowing_moss_block":3,"minecraft:diamond_ore":8,"minecraft:crying_obsidian":4,"minecraft:tuff":13,"epicsamurai:deepslate_onyx_ore":11,"iceandfire:silver_ore":17,"minecraft:mossy_cobblestone":2,"minecraft:deepslate_diamond_ore":4,"minecraft:dark_oak_log":2,"born_in_chaos_v1:infected_diamond_ore":2,"minecraft:glow_lichen":5,"epicsamurai:deepslate_ruby_ore":16,"minecraft:decorated_pot":1,"born_in_chaos_v1:black_argillite":1,"minecraft:polished_andesite_slab":1,"minecraft:moss_block":3,"minecraft:furnace":2,"minecraft:andesite":32,"soulsweapons:moonstone_ore_deepslate":48,"minecraft:bookshelf":30,"biomesoplenty:high_grass":3,"minecraft:deepslate_iron_ore":87,"minecraft:lantern":2,"minecraft:bamboo":1,"biomesoplenty:spider_egg":1,"minecraft:stone":162,"minecraft:smithing_table":1,"minecraft:scaffolding":1,"epicsamurai:jade_ore":8,"epicsamurai:deepslate_aquamarine_ore":13,"minecraft:crafting_table":1,"minecraft:blackstone_slab":1,"minecraft:copper_ore":36,"minecraft:tall_grass":5,"minecraft:deepslate_coal_ore":7,"biomesoplenty:huge_clover_petal":2,"minecraft:lapis_ore":2,"minecraft:deepslate_gold_ore":34,"minecraft:diorite":10,"minecraft:gray_bed":1,"minecraft:coal_ore":197,"minecraft:gravel":4,"minecraft:cobweb":37,"minecraft:stone_bricks":2,"minecraft:polished_andesite":3,"minecraft:gold_ore":2},"minecraft:picked_up":{"irons_spellbooks:scroll":4,"minecraft:iron_chestplate":2,"minecraft:wheat":5,"irons_spellbooks:affinity_ring":1,"minecraft:smithing_table":1,"minecraft:oak_stairs":1,"soulsweapons:moonstone":34,"minecraft:turtle_egg":1,"minecraft:stone_brick_stairs":2,"minecraft:brewing_stand":1,"minecraft:amethyst_block":5,"born_in_chaos_v1:black_argillite":1,"create:limestone":5,"minecraft:string":88,"minecraft:raw_copper":232,"simplyswords:diamond_scythe":1,"minecraft:iron_leggings":2,"minecraft:experience_bottle":2,"minecraft:oak_sign":1,"irons_spellbooks:arcane_essence":11,"celestisynth:lunar_stone":1,"minecraft:cobbled_deepslate":188,"bosses_of_mass_destruction:soul_star":1,"minecraft:bucket":2,"minecraft:calcite":4,"minecraft:iron_pickaxe":3,"irons_spellbooks:blank_rune":1,"born_in_chaos_v1:stimulating_decoction":6,"minecraft:coal_block":32,"minecraft:iron_boots":3,"minecraft:furnace":1,"minecraft:torch":190,"minecraft:diorite":8,"born_in_chaos_v1:nightmare_claw":1,"epicsamurai:red_samurai_leggings_light":1,"minecraft:brown_carpet":1,"sophisticatedbackpacks:pickup_upgrade":1,"minecraft:rotten_flesh":162,"too_many_bows:arcane_bow":1,"too_many_bows:burnt_relic":1,"relics:horse_flute":1,"create:asurine":1,"soulsweapons:bluemoon_greatsword":2,"minecraft:obsidian":3,"soulsweapons:moonstone_pickaxe":1,"minecraft:cobblestone":253,"minecraft:enchanting_table":1,"minecraft:feather":10,"born_in_chaos_v1:spiritual_dust":1,"minecraft:water_bucket":1,"minecraft:andesite":29,"minecraft:golden_leggings":1,"biomesoplenty:glowshroom":2,"minecraft:flint":1,"minecraft:tuff":8,"create:raw_zinc":56,"minecraft:lapis_lazuli":7,"minecraft:dirt":19,"minecraft:lantern":12,"born_in_chaos_v1:monster_skin":7,"minecraft:bone":81,"minecraft:bow":3,"minecraft:wheat_seeds":3,"minecraft:raw_gold":32,"minecraft:moss_block":2,"epicsamurai:raw_silver":35,"minecraft:cooked_porkchop":2,"dungeonnowloading:spawner_boots":1,"minecraft:oak_pressure_plate":2,"minecraft:poisonous_potato":4,"earthmobsmod:harder_flesh":5,"sophisticatedbackpacks:iron_backpack":2,"minecraft:mossy_cobblestone":2,"minecraft:dark_oak_log":285,"alexsmobs:animal_dictionary":1,"sons_of_sins:flesh_of_demise":1,"simplyswords:diamond_spear":1,"minecraft:polished_andesite":1,"create:crimsite":1,"minecraft:diamond":23,"epicsamurai:jorogumo_eye":1,"minecraft:granite":16,"soulsweapons:verglas":24,"minecraft:emerald":1,"epicsamurai:ruby":16,"born_in_chaos_v1:rotten_fish":1,"iceandfire:raw_silver":13,"born_in_chaos_v1:diamond_termite_shard":9,"minecraft:crafting_table":2,"dungeonnowloading:spawner_leggings":1,"minecraft:azure_bluet":6,"minecraft:chicken":3,"minecraft:clay_ball":2,"irons_spellbooks:necronomicon_spell_book":1,"born_in_chaos_v1:seedof_chaos":3,"irons_spellbooks:tarnished_helmet":1,"minecraft:wooden_pickaxe":1,"minecraft:stone_brick_wall":3,"minecraft:chain":4,"minecraft:shield":1,"relics:leather_belt":1,"minecraft:moss_carpet":4,"minecraft:iron_axe":1,"artifacts:feral_claws":1,"born_in_chaos_v1:intoxicating_decoction":5,"epicsamurai:jade":17,"minecraft:item_frame":11,"minecraft:iron_shovel":1,"dungeonnowloading:spawner_fragment":66,"graveyard:corruption":5,"minecraft:candle":1,"epicsamurai:red_samurai_chestplate_light":1,"minecraft:beef":5,"alexsmobs:elastic_tendon":4,"born_in_chaos_v1:gnawed_bones":1,"irons_spellbooks:emerald_stoneplate_ring":1,"minecraft:chest":1,"minecraft:spruce_trapdoor":2,"knightlib:small_essence":24,"minecraft:dark_oak_sapling":1,"minecraft:raw_iron":210,"minecraft:oak_door":1,"minecraft:copper_ingot":4,"minecraft:white_dye":2,"born_in_chaos_v1:pieceofdarkmetal":11,"minecraft:trident":1,"minecraft:redstone":66,"minecraft:stone_pressure_plate":1,"minecraft:dark_oak_planks":343,"dungeonnowloading:spawner_chestplate":1,"minecraft:arrow":45,"minecraft:pumpkin_pie":1,"minecraft:deepslate_bricks":1,"artifacts:cross_necklace":1,"minecraft:saddle":1,"epicsamurai:red_samurai_helmet_light":1,"minecraft:gold_ingot":21,"minecraft:glow_berries":3,"minecraft:mutton":4,"epicsamurai:kitsune_hide":1,"minecraft:skeleton_skull":1,"minecraft:white_wool":3,"epicsamurai:kitsune_tail":1,"born_in_chaos_v1:fused_bone":12,"simplyswords:iron_katana":1,"born_in_chaos_v1:corpse_maggot":59,"minecraft:air":0,"born_in_chaos_v1:monster_flesh":10,"minecraft:salmon":1,"minecraft:leather":2,"minecraft:blackstone_slab":1,"minecraft:red_mushroom":4,"minecraft:oak_log":7,"minecraft:gunpowder":22,"biomesoplenty:glowing_moss_carpet":1,"minecraft:red_carpet":4,"born_in_chaos_v1:spider_mandible":2,"minecraft:iron_ingot":9,"minecraft:stone_pickaxe":1,"minecraft:cobweb":6,"relics:infinity_ham":3,"epicsamurai:aquamarine":21,"minecraft:polished_andesite_slab":1,"minecraft:iron_sword":3,"minecraft:book":66,"epicsamurai:red_samurai_boots_light":1,"epicsamurai:onyx":31,"minecraft:polished_andesite_stairs":2,"artifacts:obsidian_skull":1,"minecraft:smooth_basalt":1,"minecraft:emerald_block":1,"born_in_chaos_v1:lifestealer_bone":5,"minecraft:red_wool":2,"born_in_chaos_v1:orbofthe_summoner":1,"born_in_chaos_v1:ethereal_spirit":9,"minecraft:amethyst_shard":4,"minecraft:crying_obsidian":4,"biomesoplenty:glowing_moss_block":5,"minecraft:spider_eye":12,"simplyswords:gold_glaive":1,"minecraft:slime_ball":4,"minecraft:iron_helmet":2,"minecraft:coal":106,"minecraft:wooden_axe":1},"minecraft:killed":{"born_in_chaos_v1:zombie_clown":4,"minecraft:cave_spider":5,"minecraft:witch":1,"graveyard:skeleton_creeper":1,"born_in_chaos_v1:restless_spirit":6,"born_in_chaos_v1:skeleton_demoman":7,"minecraft:spider":16,"alexsmobs:murmur":1,"minecraft:zombie_horse":1,"born_in_chaos_v1:siamese_skeletonsright":5,"born_in_chaos_v1:baby_skeleton_minion":2,"born_in_chaos_v1:scarlet_persecutor":1,"minecraft:skeleton":40,"minecraft:chicken":1,"realmrpg_demons:chort":1,"earthmobsmod:zombified_rabbit":1,"earthmobsmod:cookie_cow":2,"alexsmobs:centipede_head":1,"irons_spellbooks:summoned_skeleton":2,"minecraft:skeleton_horse":3,"artifacts:mimic":3,"born_in_chaos_v1:bonescaller":1,"irons_spellbooks:dead_king":1,"celestisynth:star_monolith":1,"born_in_chaos_v1:diamond_termite":15,"minecraft:zombie_villager":5,"epicsamurai:kitsune":2,"irons_spellbooks:necromancer":3,"minecraft:creeper":8,"minecraft:sheep":3,"tinyskeletons:baby_skeleton":1,"minecraft:zombie":62,"born_in_chaos_v1:dread_hound":16,"born_in_chaos_v1:corpse_fly":50,"alexsmobs:fly":1,"born_in_chaos_v1:door_knight":4,"born_in_chaos_v1:siamese_skeletonsleft":5,"irons_spellbooks:summoned_zombie":5,"graveyard:nightmare":1,"minecraft:giant":1,"born_in_chaos_v1:zombie_bruiser":5,"born_in_chaos_v1:maggot":42,"born_in_chaos_v1:baby_spider":15,"born_in_chaos_v1:siamese_skeletons":1,"born_in_chaos_v1:spiritof_chaos":3,"born_in_chaos_v1:fallen_chaos_knight":3,"earthmobsmod:bouldering_zombie":4,"born_in_chaos_v1:baby_skeleton":8,"born_in_chaos_v1:swarmer":4,"born_in_chaos_v1:decrepit_skeleton":15,"born_in_chaos_v1:phantom_creeper_copy":2,"born_in_chaos_v1:bloody_gadfly":1,"born_in_chaos_v1:decaying_zombie":3,"endermanoverhaul:cave_enderman":1,"alexsmobs:cockroach":1,"born_in_chaos_v1:dark_vortex":3,"born_in_chaos_v1:nightmare_stalker":2},"minecraft:dropped":{"sophisticatedbackpacks:iron_backpack":1,"minecraft:iron_sword":2,"minecraft:candle":1,"minecraft:oak_pressure_plate":2,"minecraft:oak_log":3,"minecraft:diamond":5,"minecraft:dark_oak_sapling":1,"minecraft:leather":2,"minecraft:red_wool":2,"create:crimsite":1,"irons_spellbooks:tarnished_helmet":1,"minecraft:item_frame":11,"minecraft:red_mushroom":4,"minecraft:red_carpet":5,"minecraft:dirt":17,"relics:leather_belt":1,"minecraft:dark_oak_log":2,"minecraft:chain":3,"minecraft:iron_pickaxe":1,"minecraft:dark_oak_planks":376,"minecraft:bone":12,"minecraft:oak_door":1,"alexsmobs:animal_dictionary":1,"minecraft:cobbled_deepslate":20,"minecraft:wheat":3,"soulsweapons:moonstone":4,"minecraft:rotten_flesh":33,"minecraft:azure_bluet":6,"biomesoplenty:glowing_moss_block":1,"biomesoplenty:glowing_moss_carpet":1,"alexsmobs:elastic_tendon":4,"minecraft:gunpowder":6,"soulsweapons:verglas":1,"minecraft:charcoal":12,"minecraft:chest":1,"born_in_chaos_v1:corpse_maggot":7,"minecraft:stone_brick_wall":3,"create:limestone":5,"minecraft:blackstone_slab":1,"minecraft:stone_brick_stairs":1,"minecraft:golden_boots":1,"minecraft:iron_ingot":7,"minecraft:golden_axe":1,"minecraft:cobblestone":200,"minecraft:apple":1,"minecraft:granite":16,"minecraft:spruce_door":1,"minecraft:polished_andesite":1,"minecraft:stick":8,"minecraft:cobweb":6,"born_in_chaos_v1:black_argillite":1,"minecraft:diorite":2,"minecraft:torch":28,"minecraft:wooden_axe":1,"born_in_chaos_v1:fused_bone":4,"minecraft:iron_leggings":1,"minecraft:oak_stairs":1,"minecraft:polished_andesite_stairs":2,"minecraft:iron_axe":1,"biomesoplenty:glowshroom":1,"minecraft:string":39,"create:raw_zinc":1,"minecraft:smooth_basalt":1,"minecraft:redstone":23,"minecraft:moss_carpet":1,"minecraft:raw_copper":3,"minecraft:tuff":8,"minecraft:raw_iron":4,"born_in_chaos_v1:rotten_fish":1,"minecraft:chicken":2,"minecraft:clay_ball":2,"minecraft:iron_boots":1,"dungeonnowloading:spawner_fragment":5,"minecraft:shield":1,"minecraft:spruce_trapdoor":2,"artifacts:running_shoes":1,"minecraft:iron_chestplate":3,"minecraft:andesite":7,"minecraft:golden_leggings":1,"minecraft:stone_pressure_plate":1,"irons_spellbooks:necronomicon_spell_book":1,"minecraft:spider_eye":7,"minecraft:brown_carpet":1,"minecraft:bow":2,"minecraft:wooden_pickaxe":1,"minecraft:calcite":3}},"DataVersion":3465}