{"stats":{"minecraft:killed":{"born_in_chaos_v1:zombie_clown":2,"minecraft:cave_spider":5,"born_in_chaos_v1:restless_spirit":3,"born_in_chaos_v1:skeleton_demoman":1,"minecraft:spider":5,"born_in_chaos_v1:siamese_skeletonsright":2,"born_in_chaos_v1:baby_skeleton_minion":1,"born_in_chaos_v1:scarlet_persecutor":1,"minecraft:skeleton":24,"earthmobsmod:cookie_cow":2,"minecraft:skeleton_horse":1,"artifacts:mimic":1,"born_in_chaos_v1:diamond_termite":5,"minecraft:zombie_villager":4,"epicsamurai:kitsune":1,"irons_spellbooks:necromancer":1,"minecraft:creeper":3,"minecraft:sheep":3,"tinyskeletons:baby_skeleton":1,"minecraft:zombie":9,"born_in_chaos_v1:dread_hound":7,"born_in_chaos_v1:corpse_fly":22,"born_in_chaos_v1:door_knight":3,"born_in_chaos_v1:siamese_skeletonsleft":2,"irons_spellbooks:summoned_zombie":2,"born_in_chaos_v1:zombie_bruiser":2,"born_in_chaos_v1:maggot":13,"born_in_chaos_v1:baby_spider":9,"born_in_chaos_v1:fallen_chaos_knight":1,"earthmobsmod:bouldering_zombie":4,"born_in_chaos_v1:baby_skeleton":4,"born_in_chaos_v1:swarmer":1,"born_in_chaos_v1:decrepit_skeleton":4,"alexsmobs:cockroach":1,"born_in_chaos_v1:nightmare_stalker":1},"minecraft:used":{"minecraft:moss_carpet":1,"minecraft:iron_shovel":1,"minecraft:shield":39,"minecraft:iron_sword":262,"minecraft:rotten_flesh":3,"minecraft:mutton":3,"born_in_chaos_v1:corpse_maggot":11,"minecraft:furnace":2,"minecraft:stone_pickaxe":156,"minecraft:wooden_pickaxe":5,"minecraft:diamond_axe":1,"minecraft:glow_berries":5,"soulsweapons:bluemoon_greatsword":266,"relics:horse_flute":9,"minecraft:string":1,"minecraft:andesite":22,"minecraft:enchanting_table":1,"minecraft:stone_sword":15,"minecraft:torch":208,"minecraft:wooden_axe":12,"minecraft:dark_oak_planks":33,"minecraft:bookshelf":19,"minecraft:cobbled_deepslate":15,"minecraft:golden_axe":27,"minecraft:water_bucket":7,"soulsweapons:moonstone_pickaxe":17,"minecraft:deepslate_bricks":1,"minecraft:crafting_table":2,"minecraft:iron_pickaxe":354,"enchantinginfuser:enchanting_infuser":1,"minecraft:cooked_porkchop":4,"minecraft:bucket":8},"minecraft:crafted":{"minecraft:oak_planks":4,"minecraft:bookshelf":21,"minecraft:cooked_porkchop":2,"enchantinginfuser:enchanting_infuser":1,"minecraft:crafting_table":1,"minecraft:shield":1,"minecraft:stick":92,"minecraft:iron_ingot":23,"minecraft:iron_pickaxe":2,"minecraft:stone_sword":1,"minecraft:coal":18,"minecraft:furnace":1,"minecraft:iron_axe":1,"minecraft:stone_pickaxe":2,"minecraft:dark_oak_planks":836,"sophisticatedbackpacks:iron_backpack":1,"minecraft:enchanting_table":1,"minecraft:iron_sword":1,"minecraft:bucket":1,"minecraft:air":0,"minecraft:iron_shovel":1,"minecraft:torch":264},"minecraft:mined":{"minecraft:dark_oak_planks":5,"minecraft:large_amethyst_bud":1,"create:deepslate_zinc_ore":13,"iceandfire:graveyard_soil":1,"minecraft:brewing_stand":1,"minecraft:obsidian":4,"minecraft:spruce_trapdoor":2,"minecraft:granite":7,"minecraft:grass_block":3,"minecraft:stone_brick_wall":3,"minecraft:oak_pressure_plate":2,"minecraft:deepslate_bricks":2,"minecraft:coal_block":26,"minecraft:spawner":6,"realmrpg_skeletons:dungeon_crawler_skeleton":1,"epicsamurai:deepslate_jade_ore":2,"minecraft:iron_ore":26,"minecraft:cobbled_deepslate":8,"minecraft:deepslate_lapis_ore":3,"minecraft:enchanting_table":1,"minecraft:cave_vines":1,"epicsamurai:deepslate_silver_ore":15,"minecraft:iron_block":1,"soulsweapons:verglas_ore_deepslate":2,"minecraft:amethyst_cluster":1,"minecraft:clay":2,"born_in_chaos_v1:infected_deepslate_diamond_ore":3,"minecraft:torch":3,"minecraft:calcite":2,"minecraft:cobblestone":1,"minecraft:wall_torch":10,"minecraft:amethyst_block":1,"minecraft:deepslate_copper_ore":1,"minecraft:grass":5,"biomesoplenty:clover":2,"minecraft:oak_log":1,"minecraft:dirt":6,"minecraft:smooth_basalt":2,"minecraft:netherrack":1,"minecraft:oak_leaves":1,"minecraft:deepslate":57,"create:zinc_ore":1,"biomesoplenty:glowing_moss_block":2,"minecraft:crying_obsidian":4,"minecraft:tuff":9,"minecraft:mossy_cobblestone":2,"minecraft:deepslate_diamond_ore":2,"minecraft:dark_oak_log":2,"minecraft:glow_lichen":4,"minecraft:decorated_pot":1,"minecraft:moss_block":3,"minecraft:furnace":2,"minecraft:andesite":23,"soulsweapons:moonstone_ore_deepslate":16,"minecraft:bookshelf":30,"biomesoplenty:high_grass":3,"minecraft:deepslate_iron_ore":60,"minecraft:lantern":2,"minecraft:bamboo":1,"biomesoplenty:spider_egg":1,"minecraft:stone":119,"minecraft:smithing_table":1,"minecraft:scaffolding":1,"epicsamurai:deepslate_aquamarine_ore":6,"minecraft:crafting_table":1,"minecraft:blackstone_slab":1,"minecraft:tall_grass":5,"minecraft:copper_ore":1,"minecraft:deepslate_gold_ore":13,"minecraft:diorite":1,"minecraft:gray_bed":1,"minecraft:coal_ore":43,"minecraft:gravel":3,"minecraft:cobweb":33,"minecraft:gold_ore":1},"minecraft:broken":{"minecraft:stone_pickaxe":1,"minecraft:iron_pickaxe":1,"minecraft:iron_helmet":1},"minecraft:dropped":{"sophisticatedbackpacks:iron_backpack":1,"minecraft:iron_sword":1,"minecraft:oak_log":2,"minecraft:diamond":5,"minecraft:dark_oak_sapling":1,"minecraft:leather":2,"minecraft:red_mushroom":4,"minecraft:red_carpet":4,"minecraft:item_frame":11,"minecraft:dirt":17,"minecraft:dark_oak_log":2,"minecraft:chain":2,"minecraft:iron_pickaxe":1,"minecraft:dark_oak_planks":376,"minecraft:bone":12,"alexsmobs:animal_dictionary":1,"minecraft:cobbled_deepslate":18,"minecraft:wheat":3,"soulsweapons:moonstone":4,"minecraft:rotten_flesh":17,"minecraft:azure_bluet":6,"minecraft:gunpowder":4,"soulsweapons:verglas":1,"minecraft:charcoal":12,"born_in_chaos_v1:corpse_maggot":1,"minecraft:blackstone_slab":1,"minecraft:golden_boots":1,"minecraft:iron_ingot":7,"minecraft:golden_axe":1,"minecraft:cobblestone":192,"minecraft:granite":10,"minecraft:stick":8,"minecraft:torch":28,"minecraft:wooden_axe":1,"minecraft:string":39,"create:raw_zinc":1,"minecraft:smooth_basalt":1,"minecraft:moss_carpet":1,"minecraft:raw_copper":3,"minecraft:raw_iron":4,"minecraft:chicken":2,"minecraft:clay_ball":2,"dungeonnowloading:spawner_fragment":5,"artifacts:running_shoes":1,"minecraft:iron_chestplate":2,"minecraft:golden_leggings":1,"minecraft:wooden_pickaxe":1},"minecraft:custom":{"minecraft:interact_with_crafting_table":28,"minecraft:open_barrel":35,"minecraft:leave_game":6,"minecraft:time_since_death":16490,"minecraft:sprint_one_cm":473241,"minecraft:damage_blocked_by_shield":1590,"minecraft:drop":94,"minecraft:talked_to_villager":2,"minecraft:play_time":234239,"minecraft:deaths":20,"minecraft:jump":3438,"minecraft:walk_on_water_one_cm":25600,"minecraft:interact_with_furnace":12,"minecraft:interact_with_loom":1,"minecraft:sleep_in_bed":1,"minecraft:waystone_activated":2,"minecraft:damage_dealt":25557,"minecraft:player_kills":2,"minecraft:crouch_one_cm":6967,"minecraft:interact_with_smoker":1,"minecraft:horse_one_cm":1708,"minecraft:mob_kills":155,"minecraft:interact_with_anvil":2,"minecraft:damage_dealt_resisted":2590,"minecraft:climb_one_cm":6112,"minecraft:walk_one_cm":885603,"minecraft:sneak_time":2950,"minecraft:walk_under_water_one_cm":11966,"minecraft:interact_with_blast_furnace":10,"minecraft:total_world_time":234239,"minecraft:time_since_rest":16516,"minecraft:damage_taken":9131,"minecraft:trigger_trapped_chest":2,"minecraft:swim_one_cm":20386,"minecraft:fly_one_cm":570997,"minecraft:open_chest":160,"minecraft:fall_one_cm":94608},"minecraft:picked_up":{"minecraft:wooden_axe":1,"minecraft:iron_chestplate":2,"minecraft:wheat":5,"irons_spellbooks:affinity_ring":1,"minecraft:smithing_table":1,"soulsweapons:moonstone":20,"minecraft:brewing_stand":1,"minecraft:string":60,"minecraft:raw_copper":15,"minecraft:iron_leggings":2,"simplyswords:diamond_scythe":1,"minecraft:experience_bottle":2,"irons_spellbooks:arcane_essence":1,"minecraft:cobbled_deepslate":83,"minecraft:bucket":2,"minecraft:iron_pickaxe":3,"born_in_chaos_v1:stimulating_decoction":2,"minecraft:coal_block":32,"minecraft:iron_boots":2,"minecraft:furnace":1,"minecraft:torch":142,"born_in_chaos_v1:nightmare_claw":1,"epicsamurai:red_samurai_leggings_light":1,"minecraft:brown_carpet":1,"minecraft:rotten_flesh":51,"too_many_bows:burnt_relic":1,"relics:horse_flute":1,"soulsweapons:bluemoon_greatsword":1,"minecraft:obsidian":3,"soulsweapons:moonstone_pickaxe":1,"minecraft:cobblestone":212,"minecraft:enchanting_table":1,"minecraft:feather":10,"minecraft:water_bucket":1,"minecraft:andesite":22,"minecraft:golden_leggings":1,"biomesoplenty:glowshroom":2,"minecraft:flint":1,"create:raw_zinc":15,"minecraft:tuff":4,"minecraft:lantern":12,"minecraft:lapis_lazuli":7,"minecraft:dirt":19,"born_in_chaos_v1:monster_skin":6,"minecraft:bone":56,"minecraft:bow":1,"minecraft:wheat_seeds":3,"minecraft:raw_gold":21,"minecraft:moss_block":2,"epicsamurai:raw_silver":14,"minecraft:cooked_porkchop":2,"minecraft:poisonous_potato":1,"minecraft:oak_pressure_plate":2,"earthmobsmod:harder_flesh":5,"sophisticatedbackpacks:iron_backpack":2,"minecraft:dark_oak_log":285,"alexsmobs:animal_dictionary":1,"minecraft:mossy_cobblestone":2,"minecraft:diamond":5,"minecraft:granite":10,"epicsamurai:jorogumo_eye":1,"soulsweapons:verglas":2,"minecraft:emerald":1,"born_in_chaos_v1:diamond_termite_shard":6,"minecraft:crafting_table":2,"minecraft:azure_bluet":6,"minecraft:chicken":2,"minecraft:clay_ball":2,"minecraft:wooden_pickaxe":1,"minecraft:stone_brick_wall":3,"minecraft:chain":4,"minecraft:shield":1,"minecraft:moss_carpet":4,"minecraft:iron_axe":1,"minecraft:item_frame":11,"minecraft:iron_shovel":1,"dungeonnowloading:spawner_fragment":28,"epicsamurai:red_samurai_chestplate_light":1,"minecraft:beef":5,"irons_spellbooks:emerald_stoneplate_ring":1,"minecraft:spruce_trapdoor":2,"knightlib:small_essence":14,"minecraft:dark_oak_sapling":1,"minecraft:raw_iron":85,"minecraft:white_dye":2,"born_in_chaos_v1:pieceofdarkmetal":4,"minecraft:trident":1,"minecraft:redstone":2,"minecraft:stone_pressure_plate":1,"minecraft:dark_oak_planks":343,"minecraft:arrow":31,"minecraft:pumpkin_pie":1,"minecraft:deepslate_bricks":1,"epicsamurai:red_samurai_helmet_light":1,"minecraft:gold_ingot":18,"minecraft:glow_berries":3,"minecraft:mutton":4,"born_in_chaos_v1:fused_bone":4,"minecraft:white_wool":3,"epicsamurai:kitsune_tail":1,"epicsamurai:kitsune_hide":1,"born_in_chaos_v1:corpse_maggot":25,"minecraft:air":0,"born_in_chaos_v1:monster_flesh":8,"minecraft:leather":2,"minecraft:blackstone_slab":1,"minecraft:red_mushroom":4,"minecraft:oak_log":6,"minecraft:gunpowder":5,"minecraft:red_carpet":4,"born_in_chaos_v1:spider_mandible":2,"minecraft:iron_ingot":8,"minecraft:stone_pickaxe":1,"relics:infinity_ham":3,"epicsamurai:aquamarine":6,"minecraft:iron_sword":3,"minecraft:book":66,"epicsamurai:red_samurai_boots_light":1,"minecraft:smooth_basalt":1,"born_in_chaos_v1:ethereal_spirit":4,"minecraft:amethyst_shard":4,"minecraft:crying_obsidian":4,"biomesoplenty:glowing_moss_block":4,"minecraft:spider_eye":5,"minecraft:iron_helmet":2,"minecraft:coal":66},"minecraft:killed_by":{"born_in_chaos_v1:baby_spider":2,"born_in_chaos_v1:zombie_bruiser":1,"born_in_chaos_v1:corpse_fly":1,"creeperoverhaul:cave_creeper":1,"minecraft:cave_spider":1,"artifacts:mimic":1,"minecraft:player":3,"irons_spellbooks:summoned_skeleton":3,"born_in_chaos_v1:mother_spider":1,"irons_spellbooks:necromancer":4,"born_in_chaos_v1:dread_hound":2}},"DataVersion":3465}