{"stats":{"minecraft:custom":{"minecraft:interact_with_crafting_table":34,"minecraft:open_barrel":78,"minecraft:eat_cake_slice":1,"minecraft:leave_game":9,"minecraft:time_since_death":37778,"minecraft:sprint_one_cm":1105374,"minecraft:damage_blocked_by_shield":1590,"minecraft:drop":201,"minecraft:talked_to_villager":3,"minecraft:play_time":518119,"minecraft:deaths":31,"minecraft:jump":9028,"minecraft:interact_with_brewingstand":1,"minecraft:walk_on_water_one_cm":74439,"minecraft:enchant_item":4,"minecraft:interact_with_furnace":13,"minecraft:interact_with_loom":1,"minecraft:sleep_in_bed":3,"minecraft:waystone_activated":4,"minecraft:damage_dealt":86842,"minecraft:player_kills":5,"minecraft:crouch_one_cm":8875,"minecraft:interact_with_smoker":1,"minecraft:horse_one_cm":7193,"minecraft:interact_with_anvil":6,"minecraft:mob_kills":647,"minecraft:damage_dealt_resisted":8893,"minecraft:climb_one_cm":36460,"minecraft:walk_one_cm":1799647,"minecraft:sneak_time":3795,"minecraft:walk_under_water_one_cm":35224,"minecraft:interact_with_blast_furnace":13,"minecraft:total_world_time":518119,"minecraft:tune_noteblock":1,"minecraft:time_since_rest":32161,"minecraft:damage_taken":21284,"minecraft:trigger_trapped_chest":5,"minecraft:swim_one_cm":106980,"minecraft:fly_one_cm":1658380,"minecraft:open_chest":387,"minecraft:fall_one_cm":275549},"minecraft:dropped":{"sophisticatedbackpacks:iron_backpack":1,"minecraft:iron_sword":2,"knightlib:small_essence":1,"minecraft:candle":1,"minecraft:oak_pressure_plate":2,"minecraft:oak_log":3,"minecraft:diamond":5,"minecraft:dark_oak_sapling":1,"relics:infinity_ham":1,"majruszsdifficulty:tattered_helmet":1,"minecraft:leather":4,"iceandfire:ectoplasm":2,"minecraft:red_wool":2,"relics:horse_flute":1,"create:crimsite":1,"irons_spellbooks:tarnished_helmet":1,"minecraft:item_frame":11,"minecraft:red_carpet":5,"minecraft:red_mushroom":4,"minecraft:dirt":35,"relics:leather_belt":1,"minecraft:dark_oak_log":2,"minecraft:chain":3,"minecraft:iron_pickaxe":1,"minecraft:dark_oak_planks":376,"sons_of_sins:flesh_of_demise":1,"minecraft:bone":12,"minecraft:oak_door":1,"majruszsdifficulty:tattered_chestplate":1,"minecraft:polished_andesite_slab":1,"alexsmobs:animal_dictionary":1,"minecraft:cobbled_deepslate":20,"minecraft:wheat":3,"soulsweapons:moonstone":4,"minecraft:rotten_flesh":71,"create:asurine":1,"minecraft:azure_bluet":6,"biomesoplenty:glowing_moss_block":1,"minecraft:carrot":4,"biomesoplenty:glowing_moss_carpet":1,"alexsmobs:elastic_tendon":4,"minecraft:gunpowder":7,"soulsweapons:verglas":1,"minecraft:charcoal":12,"create:limestone":5,"born_in_chaos_v1:corpse_maggot":44,"minecraft:stone_brick_wall":3,"minecraft:chest":1,"minecraft:blackstone_slab":1,"minecraft:arrow":3,"minecraft:stone_brick_stairs":2,"minecraft:wheat_seeds":4,"minecraft:golden_boots":1,"minecraft:iron_ingot":7,"minecraft:cobblestone":200,"minecraft:golden_axe":1,"minecraft:apple":1,"simplyswords:diamond_warglaive":1,"minecraft:granite":16,"minecraft:spruce_door":1,"minecraft:coal":2,"minecraft:stick":8,"minecraft:polished_andesite":1,"minecraft:cobweb":6,"born_in_chaos_v1:black_argillite":1,"minecraft:diorite":2,"minecraft:torch":28,"minecraft:wooden_axe":1,"born_in_chaos_v1:fused_bone":4,"minecraft:iron_leggings":1,"minecraft:oak_stairs":1,"minecraft:polished_andesite_stairs":2,"minecraft:iron_axe":1,"biomesoplenty:glowshroom":1,"minecraft:string":39,"minecraft:smooth_basalt":1,"minecraft:gray_carpet":2,"create:raw_zinc":1,"minecraft:redstone":23,"minecraft:moss_carpet":1,"alexsmobs:maggot":1,"minecraft:raw_copper":3,"minecraft:tuff":8,"minecraft:raw_iron":13,"born_in_chaos_v1:rotten_fish":1,"biomemakeover:cladded_chestplate":2,"minecraft:chicken":2,"minecraft:polished_deepslate_slab":3,"minecraft:clay_ball":2,"minecraft:iron_boots":1,"minecraft:cobbled_deepslate_slab":3,"dungeonnowloading:spawner_fragment":5,"minecraft:deepslate_bricks":1,"minecraft:hay_block":4,"minecraft:shield":1,"sons_of_sins:sickle_of_struggle":1,"minecraft:spruce_trapdoor":2,"artifacts:running_shoes":1,"minecraft:iron_chestplate":3,"minecraft:andesite":7,"minecraft:golden_leggings":1,"minecraft:stone_pressure_plate":1,"irons_spellbooks:necronomicon_spell_book":1,"minecraft:spider_eye":7,"minecraft:brown_carpet":6,"minecraft:bow":2,"minecraft:wooden_pickaxe":1,"minecraft:calcite":3},"minecraft:broken":{"minecraft:stone_pickaxe":1,"epicsamurai:red_samurai_boots_light":1,"epicsamurai:red_samurai_helmet_light":1,"minecraft:iron_pickaxe":1,"minecraft:iron_helmet":1},"minecraft:used":{"minecraft:moss_carpet":1,"minecraft:writable_book":1,"minecraft:iron_shovel":1,"minecraft:oak_sign":1,"minecraft:shield":39,"minecraft:iron_sword":262,"minecraft:rotten_flesh":3,"minecraft:mutton":3,"minecraft:milk_bucket":1,"born_in_chaos_v1:corpse_maggot":11,"minecraft:furnace":2,"too_many_bows:arcane_bow":218,"minecraft:skeleton_skull":1,"minecraft:stone_pickaxe":156,"minecraft:wooden_pickaxe":5,"minecraft:diamond_axe":1,"minecraft:glow_berries":5,"soulsweapons:bluemoon_greatsword":1196,"relics:horse_flute":22,"minecraft:string":1,"minecraft:andesite":22,"minecraft:enchanting_table":1,"minecraft:flint_and_steel":2,"minecraft:stone_sword":15,"minecraft:torch":565,"minecraft:dark_oak_planks":33,"minecraft:wooden_axe":12,"minecraft:bookshelf":19,"dungeonnowloading:spawner_chestplate":1,"minecraft:cobbled_deepslate":17,"minecraft:golden_axe":27,"minecraft:calcite":1,"minecraft:water_bucket":17,"soulsweapons:moonstone_pickaxe":898,"minecraft:deepslate_bricks":1,"minecraft:crafting_table":2,"majruszsdifficulty:undead_army_treasure_bag":2,"minecraft:iron_pickaxe":354,"enchantinginfuser:enchanting_infuser":1,"minecraft:cobblestone":2,"minecraft:cobbled_deepslate_slab":5,"majruszsdifficulty:bandage":1,"minecraft:cooked_porkchop":4,"minecraft:bucket":18},"minecraft:picked_up":{"irons_spellbooks:scroll":4,"minecraft:iron_chestplate":2,"minecraft:wheat":9,"irons_spellbooks:affinity_ring":1,"minecraft:smithing_table":1,"earthmobsmod:fancy_egg":1,"minecraft:oak_stairs":1,"soulsweapons:moonstone":34,"minecraft:turtle_egg":1,"minecraft:stone_brick_stairs":2,"minecraft:brewing_stand":1,"minecraft:amethyst_block":5,"born_in_chaos_v1:black_argillite":1,"minecraft:string":97,"minecraft:raw_copper":232,"create:limestone":5,"biomemakeover:cladded_chestplate":3,"simplyswords:diamond_scythe":1,"minecraft:iron_leggings":2,"minecraft:experience_bottle":2,"minecraft:oak_sign":1,"irons_spellbooks:arcane_essence":11,"minecraft:cobbled_deepslate":188,"bosses_of_mass_destruction:soul_star":1,"minecraft:bucket":2,"celestisynth:lunar_stone":1,"minecraft:written_book":1,"minecraft:calcite":4,"irons_spellbooks:blank_rune":1,"minecraft:iron_pickaxe":3,"born_in_chaos_v1:stimulating_decoction":6,"minecraft:coal_block":32,"iceandfire:dragonscales_red":27,"minecraft:iron_boots":3,"minecraft:furnace":1,"minecraft:tipped_arrow":2,"born_in_chaos_v1:shattered_skull":2,"minecraft:torch":190,"minecraft:diorite":8,"born_in_chaos_v1:nightmare_claw":3,"epicsamurai:red_samurai_leggings_light":1,"minecraft:brown_carpet":6,"sophisticatedbackpacks:pickup_upgrade":1,"simplyswords:diamond_warglaive":1,"minecraft:rotten_flesh":228,"too_many_bows:arcane_bow":1,"too_many_bows:burnt_relic":1,"relics:horse_flute":1,"iceandfire:fire_dragon_heart":1,"create:asurine":1,"soulsweapons:bluemoon_greatsword":3,"minecraft:obsidian":3,"soulsweapons:moonstone_pickaxe":1,"minecraft:cobblestone":253,"minecraft:enchanting_table":1,"minecraft:feather":15,"born_in_chaos_v1:spiritual_dust":1,"minecraft:water_bucket":1,"minecraft:andesite":29,"minecraft:golden_leggings":1,"biomesoplenty:glowshroom":2,"minecraft:flint":1,"minecraft:tuff":8,"create:raw_zinc":56,"minecraft:lapis_lazuli":7,"minecraft:dirt":37,"minecraft:lantern":12,"biomemakeover:crude_fragment":11,"born_in_chaos_v1:monster_skin":16,"minecraft:bone":139,"minecraft:bow":4,"minecraft:wheat_seeds":7,"minecraft:raw_gold":32,"minecraft:cobbled_deepslate_slab":8,"minecraft:moss_block":2,"epicsamurai:raw_silver":35,"irons_spellbooks:frozen_bone":9,"minecraft:cooked_porkchop":2,"dungeonnowloading:spawner_boots":1,"minecraft:oak_pressure_plate":2,"minecraft:poisonous_potato":4,"earthmobsmod:harder_flesh":5,"iceandfire:dragon_skull_fire":1,"sophisticatedbackpacks:iron_backpack":2,"minecraft:dark_oak_log":285,"minecraft:mossy_cobblestone":2,"alexsmobs:animal_dictionary":1,"sons_of_sins:flesh_of_demise":3,"simplyswords:diamond_spear":1,"minecraft:polished_andesite":1,"create:crimsite":1,"born_in_chaos_v1:fire_dust":1,"minecraft:diamond":23,"epicsamurai:jorogumo_eye":1,"minecraft:granite":16,"minecraft:golden_apple":1,"soulsweapons:verglas":24,"minecraft:emerald":1,"alexsmobs:maggot":1,"born_in_chaos_v1:rotten_fish":1,"epicsamurai:ruby":16,"iceandfire:raw_silver":13,"minecraft:crafting_table":2,"born_in_chaos_v1:diamond_termite_shard":9,"minecraft:azure_bluet":7,"dungeonnowloading:spawner_leggings":1,"minecraft:chicken":7,"minecraft:clay_ball":2,"born_in_chaos_v1:seedof_chaos":3,"irons_spellbooks:necronomicon_spell_book":1,"irons_spellbooks:tarnished_helmet":1,"minecraft:wooden_pickaxe":1,"minecraft:stone_brick_wall":3,"minecraft:diamond_horse_armor":2,"minecraft:chain":5,"minecraft:shield":1,"relics:leather_belt":1,"minecraft:moss_carpet":4,"minecraft:iron_axe":1,"artifacts:feral_claws":1,"born_in_chaos_v1:intoxicating_decoction":5,"minecraft:item_frame":12,"epicsamurai:jade":17,"minecraft:iron_shovel":1,"dungeonnowloading:spawner_fragment":77,"graveyard:corruption":5,"epicsamurai:red_samurai_chestplate_light":1,"minecraft:candle":1,"minecraft:beef":7,"alexsmobs:elastic_tendon":4,"born_in_chaos_v1:gnawed_bones":4,"irons_spellbooks:emerald_stoneplate_ring":1,"minecraft:chest":1,"sons_of_sins:sickle_of_struggle":2,"minecraft:spruce_trapdoor":2,"knightlib:small_essence":40,"minecraft:dark_oak_sapling":1,"minecraft:raw_iron":219,"iceandfire:dragonbone":11,"minecraft:polished_deepslate_slab":3,"minecraft:oak_door":1,"minecraft:copper_ingot":5,"minecraft:white_dye":2,"minecraft:cookie":2,"graveyard:dark_iron_bars":1,"minecraft:trident":1,"born_in_chaos_v1:pieceofdarkmetal":11,"minecraft:carrot":5,"minecraft:redstone":66,"minecraft:stone_pressure_plate":1,"minecraft:dark_oak_planks":343,"minecraft:arrow":74,"dungeonnowloading:spawner_chestplate":1,"minecraft:pumpkin_pie":1,"minecraft:deepslate_bricks":1,"minecraft:hay_block":4,"artifacts:cross_necklace":1,"minecraft:gold_ingot":21,"minecraft:saddle":2,"epicsamurai:red_samurai_helmet_light":1,"minecraft:glow_berries":3,"minecraft:mutton":5,"minecraft:white_wool":4,"minecraft:skeleton_skull":1,"epicsamurai:kitsune_tail":1,"born_in_chaos_v1:fused_bone":13,"epicsamurai:kitsune_hide":1,"simplyswords:iron_katana":1,"born_in_chaos_v1:corpse_maggot":96,"minecraft:golden_carrot":1,"minecraft:air":0,"born_in_chaos_v1:monster_flesh":15,"minecraft:salmon":1,"minecraft:leather":4,"minecraft:blackstone_slab":1,"majruszsdifficulty:tattered_helmet":1,"minecraft:red_mushroom":4,"majruszsdifficulty:cloth":11,"minecraft:oak_log":9,"iceandfire:ectoplasm":6,"minecraft:gunpowder":25,"biomesoplenty:glowing_moss_carpet":1,"minecraft:red_carpet":4,"born_in_chaos_v1:spider_mandible":2,"minecraft:gray_carpet":2,"minecraft:iron_ingot":12,"minecraft:stone_pickaxe":1,"minecraft:cobweb":6,"relics:infinity_ham":4,"epicsamurai:aquamarine":21,"minecraft:polished_andesite_slab":1,"iceandfire:fire_dragon_flesh":2,"minecraft:iron_sword":3,"minecraft:book":66,"epicsamurai:red_samurai_boots_light":1,"epicsamurai:onyx":31,"minecraft:polished_andesite_stairs":2,"artifacts:obsidian_skull":1,"minecraft:smooth_basalt":1,"minecraft:emerald_block":1,"born_in_chaos_v1:lifestealer_bone":5,"born_in_chaos_v1:orbofthe_summoner":1,"minecraft:red_wool":2,"born_in_chaos_v1:ethereal_spirit":16,"born_in_chaos_v1:dark_rod":2,"minecraft:amethyst_shard":4,"majruszsdifficulty:bandage":6,"minecraft:crying_obsidian":4,"biomesoplenty:glowing_moss_block":5,"minecraft:spider_eye":27,"simplyswords:gold_glaive":1,"biomemakeover:cladding_upgrade_smithing_template":2,"minecraft:slime_ball":6,"irons_spellbooks:magehunter":1,"minecraft:iron_helmet":2,"majruszsdifficulty:tattered_chestplate":2,"minecraft:coal":116,"minecraft:wooden_axe":1},"minecraft:mined":{"minecraft:dark_oak_planks":5,"minecraft:large_amethyst_bud":1,"create:deepslate_zinc_ore":54,"iceandfire:graveyard_soil":1,"minecraft:cobblestone_stairs":1,"minecraft:brewing_stand":1,"minecraft:obsidian":4,"minecraft:spruce_trapdoor":2,"minecraft:granite":13,"minecraft:stone_brick_wall":3,"minecraft:grass_block":5,"epicsamurai:silver_ore":12,"biomesoplenty:flowering_oak_leaves":1,"minecraft:coal_block":29,"minecraft:oak_pressure_plate":2,"minecraft:deepslate_bricks":2,"minecraft:oak_wall_sign":1,"minecraft:spawner":13,"realmrpg_skeletons:dungeon_crawler_skeleton":1,"epicsamurai:deepslate_jade_ore":4,"minecraft:iron_ore":135,"minecraft:cobbled_deepslate":11,"minecraft:fire":1,"minecraft:deepslate_lapis_ore":3,"minecraft:enchanting_table":1,"create:asurine":1,"minecraft:cave_vines":1,"minecraft:polished_deepslate_slab":3,"minecraft:oak_stairs":1,"minecraft:quartz_slab":1,"epicsamurai:deepslate_silver_ore":38,"minecraft:iron_block":1,"create:limestone":5,"minecraft:deepslate_redstone_ore":12,"soulsweapons:verglas_ore_deepslate":11,"minecraft:amethyst_cluster":1,"minecraft:clay":2,"born_in_chaos_v1:infected_deepslate_diamond_ore":6,"minecraft:torch":9,"minecraft:calcite":7,"minecraft:polished_andesite_stairs":3,"minecraft:cobblestone":3,"minecraft:wall_torch":15,"minecraft:amethyst_block":6,"minecraft:deepslate_copper_ore":6,"epicsamurai:aquamarine_ore":9,"realmrpg_skeletons:acrobat_skeleton":1,"celestisynth:lunar_stone":1,"minecraft:stone_brick_stairs":1,"minecraft:grass":14,"biomesoplenty:clover":6,"minecraft:oak_log":1,"minecraft:dirt":6,"minecraft:smooth_basalt":3,"minecraft:netherrack":1,"create:crimsite":1,"minecraft:oak_leaves":3,"minecraft:deepslate":165,"minecraft:emerald_block":1,"soulsweapons:verglas_ore":9,"create:zinc_ore":39,"biomesoplenty:glowing_moss_block":3,"minecraft:diamond_ore":8,"minecraft:crying_obsidian":4,"minecraft:tuff":13,"iceandfire:silver_ore":17,"epicsamurai:deepslate_onyx_ore":11,"minecraft:mossy_cobblestone":2,"minecraft:deepslate_diamond_ore":4,"minecraft:dark_oak_log":2,"born_in_chaos_v1:infected_diamond_ore":2,"minecraft:glow_lichen":5,"minecraft:cobbled_deepslate_slab":7,"epicsamurai:deepslate_ruby_ore":16,"minecraft:decorated_pot":1,"born_in_chaos_v1:black_argillite":1,"minecraft:polished_andesite_slab":1,"minecraft:moss_block":3,"minecraft:hay_block":4,"minecraft:furnace":2,"minecraft:andesite":32,"soulsweapons:moonstone_ore_deepslate":48,"minecraft:bookshelf":30,"biomesoplenty:high_grass":3,"minecraft:deepslate_iron_ore":87,"minecraft:vine":1,"minecraft:lantern":2,"minecraft:bamboo":1,"biomesoplenty:spider_egg":1,"minecraft:stone":162,"minecraft:smithing_table":1,"minecraft:scaffolding":1,"epicsamurai:jade_ore":8,"minecraft:brown_carpet":5,"epicsamurai:deepslate_aquamarine_ore":13,"minecraft:crafting_table":1,"minecraft:blackstone_slab":1,"minecraft:copper_ore":36,"minecraft:tall_grass":7,"minecraft:deepslate_coal_ore":7,"minecraft:deepslate_gold_ore":34,"minecraft:lapis_ore":2,"biomesoplenty:huge_clover_petal":9,"minecraft:diorite":10,"minecraft:gray_bed":1,"graveyard:dark_iron_bars":1,"minecraft:coal_ore":199,"minecraft:gravel":4,"minecraft:gray_carpet":1,"minecraft:cobweb":38,"minecraft:polished_andesite":3,"minecraft:stone_bricks":2,"minecraft:gold_ore":2},"minecraft:crafted":{"minecraft:oak_planks":4,"minecraft:bookshelf":21,"epicsamurai:green_samurai_helmet":1,"enchantinginfuser:enchanting_infuser":1,"minecraft:cooked_porkchop":2,"minecraft:crafting_table":1,"minecraft:shield":1,"minecraft:stick":196,"minecraft:iron_pickaxe":2,"minecraft:iron_ingot":23,"minecraft:stone_sword":1,"minecraft:coal":108,"minecraft:furnace":1,"minecraft:iron_axe":1,"minecraft:stone_pickaxe":2,"minecraft:dark_oak_planks":888,"sophisticatedbackpacks:iron_backpack":1,"minecraft:enchanting_table":1,"minecraft:iron_sword":1,"minecraft:bucket":1,"minecraft:air":0,"minecraft:iron_shovel":1,"epicsamurai:steel_ingot":2,"minecraft:torch":624},"minecraft:killed":{"born_in_chaos_v1:zombie_clown":5,"minecraft:cave_spider":5,"minecraft:witch":1,"graveyard:skeleton_creeper":1,"born_in_chaos_v1:restless_spirit":11,"born_in_chaos_v1:skeleton_demoman":9,"minecraft:spider":24,"alexsmobs:murmur":1,"born_in_chaos_v1:siamese_skeletonsright":5,"minecraft:zombie_horse":2,"born_in_chaos_v1:baby_skeleton_minion":2,"born_in_chaos_v1:scarlet_persecutor":1,"minecraft:skeleton":55,"minecraft:chicken":2,"realmrpg_demons:chort":11,"earthmobsmod:zombified_rabbit":1,"aquaculture:perch":1,"earthmobsmod:cookie_cow":2,"alexsmobs:centipede_head":1,"aquaculture:atlantic_herring":1,"irons_spellbooks:summoned_skeleton":3,"minecraft:skeleton_horse":6,"born_in_chaos_v1:firelight_not_despawn":1,"artifacts:mimic":3,"born_in_chaos_v1:bonescaller":1,"irons_spellbooks:dead_king":1,"celestisynth:star_monolith":1,"minecraft:zombie_villager":5,"born_in_chaos_v1:diamond_termite":15,"majruszsdifficulty:tank":1,"epicsamurai:kitsune":2,"irons_spellbooks:necromancer":3,"minecraft:creeper":16,"minecraft:sheep":5,"minecraft:pillager":10,"tinyskeletons:baby_skeleton":1,"minecraft:zombie":87,"born_in_chaos_v1:dread_hound":30,"minecraft:stray":5,"born_in_chaos_v1:corpse_fly":73,"alexsmobs:fly":2,"born_in_chaos_v1:door_knight":9,"born_in_chaos_v1:siamese_skeletonsleft":5,"minecraft:cow":2,"irons_spellbooks:summoned_zombie":6,"graveyard:nightmare":1,"minecraft:giant":1,"born_in_chaos_v1:zombie_bruiser":11,"born_in_chaos_v1:maggot":71,"born_in_chaos_v1:baby_spider":15,"minecraft:horse":1,"born_in_chaos_v1:dire_hound_leader":1,"minecraft:drowned":1,"born_in_chaos_v1:siamese_skeletons":1,"earthmobsmod:dairy_cow":1,"born_in_chaos_v1:spiritof_chaos":3,"born_in_chaos_v1:fallen_chaos_knight":3,"minecraft:husk":5,"earthmobsmod:bouldering_zombie":4,"born_in_chaos_v1:baby_skeleton":11,"born_in_chaos_v1:swarmer":9,"minecraft:ravager":1,"born_in_chaos_v1:decrepit_skeleton":24,"born_in_chaos_v1:phantom_creeper_copy":3,"born_in_chaos_v1:bloody_gadfly":2,"born_in_chaos_v1:decaying_zombie":8,"endermanoverhaul:cave_enderman":1,"alexsmobs:cockroach":1,"sons_of_sins:betrayed_guzzler":2,"iceandfire:ghost":7,"born_in_chaos_v1:dark_vortex":4,"born_in_chaos_v1:nightmare_stalker":4,"alexsmobs:crow":2},"minecraft:killed_by":{"born_in_chaos_v1:baby_spider":2,"born_in_chaos_v1:zombie_bruiser":1,"born_in_chaos_v1:corpse_fly":1,"creeperoverhaul:cave_creeper":1,"minecraft:cave_spider":1,"artifacts:mimic":1,"iceandfire:fire_dragon":2,"minecraft:player":6,"irons_spellbooks:summoned_skeleton":4,"minecraft:spider":1,"born_in_chaos_v1:mother_spider":1,"irons_spellbooks:necromancer":4,"born_in_chaos_v1:dread_hound":2}},"DataVersion":3465}