{"stats":{"minecraft:picked_up":{"irons_spellbooks:scroll":4,"minecraft:iron_chestplate":3,"minecraft:wheat":2,"minecraft:anvil":2,"minecraft:flower_pot":1,"minecraft:oak_stairs":4,"earthmobsmod:fancy_egg":1,"soulsweapons:moonstone":116,"minecraft:turtle_egg":1,"minecraft:string":90,"biomemakeover:cladded_chestplate":1,"minecraft:smooth_stone_slab":5,"minecraft:iron_leggings":1,"minecraft:armor_stand":1,"minecraft:oak_sign":5,"irons_spellbooks:arcane_essence":16,"minecraft:deepslate_tiles":1,"biomemakeover:ancient_oak_sapling":4,"minecraft:cobbled_deepslate":145,"bosses_of_mass_destruction:soul_star":5,"minecraft:bucket":1,"born_in_chaos_v1:charmof_power":1,"minecraft:rose_bush":2,"minecraft:redstone_torch":1,"biomesoplenty:redwood_wood":334,"minecraft:azalea":1,"minecraft:enchanted_golden_apple":1,"minecraft:coal_block":27,"minecraft:furnace":7,"minecraft:stick":25,"artifacts:universal_attractor":1,"born_in_chaos_v1:shattered_skull":3,"minecraft:oak_fence":2,"minecraft:polished_deepslate_stairs":1,"born_in_chaos_v1:phantom_powder":1,"minecraft:torch":60,"born_in_chaos_v1:pileof_dark_metal":2,"minecraft:porkchop":11,"minecraft:cherry_log":2,"minecraft:diorite":1,"born_in_chaos_v1:nightmare_claw":5,"irons_spellbooks:fire_rune":1,"minecraft:brown_carpet":2,"minecraft:rotten_flesh":183,"too_many_bows:arcane_bow":2,"relics:horse_flute":1,"minecraft:iron_block":2,"soulsweapons:bluemoon_greatsword":1,"minecraft:deepslate_brick_stairs":3,"minecraft:obsidian":10,"minecraft:iron_bars":1,"minecraft:cobblestone":304,"minecraft:nautilus_shell":1,"minecraft:birch_log":55,"minecraft:feather":6,"minecraft:lilac":12,"minecraft:iron_door":2,"born_in_chaos_v1:spiritual_dust":5,"minecraft:potato":1,"alexsmobs:bear_fur":3,"minecraft:tuff":11,"create:raw_zinc":1,"minecraft:dirt":5199,"minecraft:lantern":5,"biomemakeover:crude_fragment":2,"born_in_chaos_v1:monster_skin":20,"minecraft:bone":113,"minecraft:bow":2,"minecraft:wheat_seeds":264,"minecraft:raw_gold":77,"minecraft:cobbled_deepslate_slab":2,"twigs:twig":197,"minecraft:powered_rail":1,"minecraft:moss_block":1,"epicsamurai:raw_silver":26,"minecraft:oak_planks":4,"irons_spellbooks:legendary_ink":2,"earthmobsmod:harder_flesh":8,"sophisticatedbackpacks:iron_backpack":3,"minecraft:dark_oak_log":792,"minecraft:mossy_cobblestone":86,"sons_of_sins:flesh_of_demise":2,"minecraft:polished_andesite":6,"biomemakeover:green_glowshroom":1,"born_in_chaos_v1:fire_dust":2,"minecraft:deepslate":2,"minecraft:diamond":28,"waystones:waystone":5,"minecraft:granite":1,"minecraft:golden_apple":2,"soulsweapons:verglas":55,"born_in_chaos_v1:rotten_fish":2,"minecraft:emerald":7,"minecraft:oak_sapling":70,"minecraft:rooted_dirt":1,"alexsmobs:maggot":4,"epicsamurai:ruby":95,"irons_spellbooks:uncommon_ink":1,"iceandfire:raw_silver":3,"minecraft:mud":1,"minecraft:fishing_rod":1,"biomesoplenty:redwood_log":3,"minecraft:crafting_table":11,"minecraft:allium":1,"minecraft:azure_bluet":3,"minecraft:chicken":2,"minecraft:ladder":2,"minecraft:clay_ball":8,"born_in_chaos_v1:seedof_chaos":8,"irons_spellbooks:tarnished_helmet":2,"irons_spellbooks:necronomicon_spell_book":1,"minecraft:brown_mushroom":14,"born_in_chaos_v1:charmof_resistance":1,"biomemakeover:ancient_oak_log":28,"minecraft:gold_block":2,"minecraft:chain":6,"minecraft:shield":2,"minecraft:moss_carpet":3,"minecraft:iron_axe":1,"artifacts:feral_claws":1,"born_in_chaos_v1:intoxicating_decoction":2,"minecraft:item_frame":6,"epicsamurai:jade":51,"dungeonnowloading:spawner_fragment":164,"graveyard:corruption":1,"minecraft:beef":6,"alexsmobs:elastic_tendon":4,"born_in_chaos_v1:gnawed_bones":5,"irons_spellbooks:epic_ink":3,"minecraft:chest":2,"minecraft:birch_sapling":24,"sons_of_sins:sickle_of_struggle":1,"minecraft:spruce_trapdoor":1,"knightlib:small_essence":21,"minecraft:egg":4,"minecraft:dark_oak_sapling":85,"minecraft:raw_iron":253,"minecraft:polished_deepslate_slab":4,"minecraft:stone":1369,"minecraft:oak_door":2,"artifacts:vampiric_glove":2,"minecraft:carrot":5,"born_in_chaos_v1:pieceofdarkmetal":50,"minecraft:redstone":5,"minecraft:stone_pressure_plate":1,"minecraft:dark_oak_planks":172,"irons_spellbooks:evocation_rune":1,"artifacts:everlasting_beef":1,"artifacts:cowboy_hat":1,"minecraft:arrow":27,"minecraft:decorated_pot":1,"minecraft:peony":1,"minecraft:deepslate_bricks":1,"minecraft:hay_block":13,"artifacts:running_shoes":1,"minecraft:saddle":3,"minecraft:gold_ingot":2,"biomesoplenty:redwood_sapling":44,"minecraft:white_wool":5,"minecraft:glow_berries":18,"minecraft:mutton":7,"epicsamurai:kitsune_hide":2,"born_in_chaos_v1:fused_bone":20,"minecraft:rail":1,"epicsamurai:kitsune_tail":2,"minecraft:stripped_oak_log":3,"born_in_chaos_v1:corpse_maggot":61,"artifacts:eternal_steak":1,"born_in_chaos_v1:monster_flesh":26,"artifacts:novelty_drinking_hat":1,"minecraft:leather":4,"minecraft:red_mushroom":6,"minecraft:filled_map":1,"minecraft:oak_log":199,"minecraft:golden_boots":1,"minecraft:gunpowder":11,"minecraft:sculk_vein":30,"minecraft:white_banner":1,"alexsmobs:unsettling_kimono":1,"minecraft:red_carpet":6,"minecraft:apple":13,"born_in_chaos_v1:spider_mandible":2,"minecraft:stone_bricks":1,"minecraft:kelp":2,"minecraft:iron_ingot":10,"epicsamurai:aquamarine":41,"minecraft:iron_sword":1,"minecraft:book":57,"minecraft:scaffolding":1,"epicsamurai:onyx":48,"minecraft:polished_andesite_stairs":1,"artifacts:obsidian_skull":1,"born_in_chaos_v1:ethereal_spirit":25,"minecraft:gravel":5,"born_in_chaos_v1:dark_rod":3,"minecraft:spruce_sapling":125,"minecraft:blast_furnace":1,"born_in_chaos_v1:fangofthe_hound_leader":2,"minecraft:white_bed":2,"minecraft:spruce_log":826,"minecraft:green_carpet":8,"minecraft:spruce_door":1,"minecraft:spider_eye":11,"minecraft:leather_helmet":2,"minecraft:coal_ore":20,"minecraft:slime_ball":1,"irons_spellbooks:magehunter":1,"minecraft:iron_helmet":2,"minecraft:coal":324,"minecraft:sunflower":1,"minecraft:ender_pearl":4},"minecraft:killed_by":{"minecraft:creeper":1,"born_in_chaos_v1:baby_spider":1,"artifacts:mimic":1,"minecraft:player":4,"born_in_chaos_v1:dark_vortex":1,"born_in_chaos_v1:mother_spider":1,"irons_spellbooks:necromancer":4,"minecraft:skeleton":1,"tinyskeletons:baby_skeleton":1,"born_in_chaos_v1:dread_hound":1},"minecraft:crafted":{"minecraft:oak_planks":20,"globalxp:xp_block":1,"minecraft:cooked_chicken":1,"minecraft:cooked_mutton":2,"minecraft:iron_bars":16,"soulsweapons:verglas_block":14,"minecraft:iron_boots":3,"epicsamurai:blue_samurai_helmet_light":1,"justhammers:diamond_hammer":1,"minecraft:chest":20,"dungeonnowloading:spawner_boots":1,"born_in_chaos_v1:pileof_dark_metal":5,"soulsweapons:bluemoon_greatsword":2,"epicsamurai:red_samurai_boots_light":1,"epicsamurai:red_samurai_chestplate_light":1,"dungeonnowloading:spawner_frame":32,"minecraft:cooked_porkchop":9,"minecraft:diamond_axe":1,"minecraft:crafting_table":3,"minecraft:wooden_pickaxe":2,"minecraft:iron_helmet":3,"minecraft:baked_potato":15,"epicsamurai:blue_samurai_chestplate_light":1,"minecraft:iron_chestplate":2,"minecraft:shield":1,"minecraft:stick":84,"epicsamurai:blue_samurai_boots":1,"minecraft:iron_pickaxe":2,"minecraft:iron_ingot":643,"minecraft:iron_block":60,"minecraft:gold_ingot":87,"artifacts:eternal_steak":1,"soulsweapons:guts_sword":1,"minecraft:furnace":1,"minecraft:bone_meal":84,"epicsamurai:red_samurai_leggings_light":1,"dungeonnowloading:spawner_leggings":1,"minecraft:iron_axe":1,"epicsamurai:blue_samurai_leggings_light":1,"minecraft:stone_pickaxe":2,"soulsweapons:moonstone_pickaxe":2,"minecraft:dark_oak_planks":72,"soulsweapons:moonstone_block":28,"minecraft:cooked_beef":11,"minecraft:coal_block":35,"biomesoplenty:redwood_planks":12,"minecraft:iron_sword":2,"minecraft:bucket":1,"minecraft:stone_axe":1,"minecraft:air":0,"epicsamurai:red_samurai_helmet_light":1,"dungeonnowloading:spawner_chestplate":1,"minecraft:wooden_axe":4,"minecraft:iron_leggings":2,"epicsamurai:steel_ingot":32,"minecraft:torch":280},"minecraft:used":{"minecraft:beetroot":11,"epicsamurai:blue_samurai_chestplate_light":1,"minecraft:oak_sign":1,"minecraft:chest":22,"minecraft:shield":5,"minecraft:iron_sword":619,"minecraft:stone":26,"minecraft:rotten_flesh":16,"minecraft:azure_bluet":2,"minecraft:milk_bucket":1,"born_in_chaos_v1:corpse_maggot":19,"minecraft:lantern":3,"minecraft:item_frame":2,"minecraft:written_book":1,"minecraft:furnace":7,"too_many_bows:arcane_bow":400,"minecraft:stone_pickaxe":175,"minecraft:wooden_pickaxe":25,"artifacts:eternal_steak":121,"minecraft:diamond_axe":848,"minecraft:glow_berries":21,"soulsweapons:bluemoon_greatsword":623,"minecraft:blast_furnace":1,"relics:horse_flute":5,"waystones:waystone":4,"minecraft:bread":1,"born_in_chaos_v1:rotten_fish":1,"globalxp:xp_block":1,"sons_of_sins:sickle_of_struggle":2,"minecraft:bone_meal":84,"minecraft:oak_fence":1,"minecraft:experience_bottle":7,"minecraft:iron_bars":1,"minecraft:cooked_chicken":1,"minecraft:oak_door":1,"minecraft:torch":323,"minecraft:dirt":5019,"minecraft:anvil":2,"minecraft:wooden_axe":124,"minecraft:dark_oak_planks":5,"minecraft:iron_axe":9,"minecraft:rooted_dirt":1,"soulsweapons:guts_sword":176,"minecraft:iron_boots":1,"minecraft:cooked_beef":11,"minecraft:cooked_mutton":2,"minecraft:water_bucket":99,"minecraft:baked_potato":15,"soulsweapons:moonstone_pickaxe":188,"minecraft:mossy_cobblestone":6,"justhammers:diamond_hammer":431,"minecraft:crafting_table":13,"minecraft:white_bed":2,"minecraft:spruce_log":11,"minecraft:diamond_pickaxe":822,"minecraft:apple":8,"minecraft:diamond_shovel":5172,"minecraft:iron_pickaxe":375,"minecraft:spruce_sapling":73,"minecraft:stone_axe":54,"minecraft:cobblestone":58,"minecraft:cooked_porkchop":7,"minecraft:bucket":101,"minecraft:splash_potion":1},"minecraft:dropped":{"sophisticatedbackpacks:iron_backpack":3,"knightlib:small_essence":6,"iceandfire:raw_silver":1,"minecraft:iron_sword":3,"minecraft:moss_block":1,"minecraft:brown_mushroom":14,"minecraft:oak_log":3,"epicsamurai:red_samurai_chestplate_light":1,"minecraft:diamond":4,"minecraft:cooked_porkchop":2,"relics:infinity_ham":3,"minecraft:leather":2,"relics:horse_flute":1,"minecraft:saddle":2,"minecraft:item_frame":3,"minecraft:leather_helmet":4,"minecraft:rail":1,"minecraft:red_carpet":5,"minecraft:red_mushroom":6,"epicsamurai:red_samurai_helmet_light":1,"born_in_chaos_v1:monster_flesh":2,"minecraft:dirt":180,"too_many_bows:burnt_relic":1,"minecraft:dark_oak_log":273,"born_in_chaos_v1:monster_skin":1,"minecraft:mutton":6,"irons_spellbooks:arcane_essence":10,"minecraft:chain":5,"minecraft:sunflower":1,"minecraft:iron_pickaxe":3,"minecraft:dark_oak_planks":321,"minecraft:white_wool":4,"irons_spellbooks:emerald_stoneplate_ring":1,"twigs:twig":108,"minecraft:armor_stand":1,"minecraft:bone":89,"minecraft:oak_door":1,"minecraft:gravel":5,"born_in_chaos_v1:fire_dust":2,"simplyswords:iron_katana":1,"minecraft:cobbled_deepslate":61,"biomesoplenty:redwood_sapling":44,"minecraft:wheat":4,"dungeonnowloading:spawner_leggings":1,"soulsweapons:moonstone":4,"minecraft:birch_sapling":24,"born_in_chaos_v1:ethereal_spirit":1,"minecraft:rotten_flesh":139,"minecraft:oak_planks":4,"dungeonnowloading:spawner_chestplate":1,"minecraft:azure_bluet":1,"biomesoplenty:glowing_moss_block":2,"minecraft:carrot":4,"bosses_of_mass_destruction:soul_star":2,"born_in_chaos_v1:seedof_chaos":1,"minecraft:trident":1,"minecraft:gunpowder":8,"minecraft:coal_ore":20,"soulsweapons:moonstone_pickaxe":1,"born_in_chaos_v1:corpse_maggot":29,"minecraft:ladder":2,"minecraft:arrow":2,"minecraft:powered_rail":1,"minecraft:egg":2,"minecraft:wheat_seeds":265,"minecraft:golden_helmet":1,"minecraft:iron_ingot":2,"minecraft:written_book":1,"minecraft:water_bucket":1,"minecraft:golden_boots":1,"minecraft:lilac":12,"minecraft:cherry_log":2,"minecraft:mossy_cobblestone":80,"epicsamurai:red_samurai_boots_light":1,"soulsweapons:bluemoon_greatsword":2,"minecraft:feather":6,"minecraft:cobblestone":101,"minecraft:sculk_vein":30,"minecraft:iron_helmet":4,"minecraft:apple":9,"simplyswords:diamond_warglaive":1,"epicsamurai:red_samurai_leggings_light":1,"simplyswords:gold_glaive":1,"minecraft:coal":41,"minecraft:stick":5,"minecraft:diamond_horse_armor":1,"minecraft:turtle_egg":1,"irons_spellbooks:scroll":1,"born_in_chaos_v1:gnawed_bones":2,"minecraft:deepslate_brick_stairs":2,"irons_spellbooks:affinity_ring":1,"minecraft:torch":145,"minecraft:wooden_axe":1,"minecraft:rose_bush":2,"born_in_chaos_v1:fused_bone":14,"minecraft:iron_leggings":4,"minecraft:white_banner":1,"minecraft:iron_axe":1,"minecraft:mud":1,"biomesoplenty:glowshroom":1,"artifacts:feral_claws":1,"minecraft:iron_shovel":1,"minecraft:string":69,"minecraft:bucket":1,"sophisticatedbackpacks:pickup_upgrade":1,"create:raw_zinc":3,"minecraft:redstone":5,"minecraft:moss_carpet":3,"minecraft:kelp":2,"alexsmobs:maggot":2,"minecraft:smooth_stone_slab":5,"minecraft:deepslate":2,"minecraft:tuff":9,"minecraft:raw_iron":4,"born_in_chaos_v1:rotten_fish":1,"earthmobsmod:fancy_egg":1,"minecraft:chicken":1,"irons_spellbooks:magehunter":1,"biomesoplenty:redwood_planks":12,"minecraft:clay_ball":8,"minecraft:iron_boots":2,"earthmobsmod:harder_flesh":4,"minecraft:oak_sign":2,"alexsmobs:bear_fur":3,"dungeonnowloading:spawner_fragment":12,"minecraft:filled_map":2,"minecraft:potato":1,"minecraft:shield":2,"minecraft:flower_pot":1,"minecraft:allium":1,"sons_of_sins:sickle_of_struggle":1,"minecraft:peony":1,"dungeonnowloading:spawner_boots":1,"too_many_bows:arcane_bow":2,"minecraft:iron_chestplate":3,"minecraft:oak_sapling":67,"minecraft:redstone_torch":1,"minecraft:stone_pressure_plate":1,"minecraft:spider_eye":3,"minecraft:brown_carpet":1,"minecraft:stone_pickaxe":1,"minecraft:bow":1,"simplyswords:diamond_scythe":1,"minecraft:wooden_pickaxe":1,"minecraft:raw_gold":5},"minecraft:custom":{"minecraft:interact_with_crafting_table":72,"minecraft:open_barrel":136,"minecraft:leave_game":12,"minecraft:time_since_death":25569,"minecraft:sprint_one_cm":2690893,"minecraft:damage_blocked_by_shield":365,"minecraft:drop":365,"minecraft:talked_to_villager":1,"minecraft:play_time":661826,"minecraft:deaths":20,"minecraft:jump":8075,"minecraft:interact_with_brewingstand":1,"minecraft:walk_on_water_one_cm":92096,"minecraft:enchant_item":6,"minecraft:interact_with_furnace":139,"minecraft:interact_with_cartography_table":2,"minecraft:sleep_in_bed":19,"minecraft:waystone_activated":10,"minecraft:damage_dealt":82654,"minecraft:player_kills":5,"minecraft:crouch_one_cm":74754,"minecraft:interact_with_smoker":1,"minecraft:horse_one_cm":7304,"minecraft:interact_with_smithing_table":1,"minecraft:interact_with_anvil":8,"minecraft:mob_kills":750,"minecraft:damage_dealt_resisted":15882,"minecraft:climb_one_cm":43091,"minecraft:walk_one_cm":2108547,"minecraft:damage_dealt_absorbed":80,"minecraft:sneak_time":17965,"minecraft:walk_under_water_one_cm":44259,"minecraft:interact_with_lectern":1,"minecraft:interact_with_blast_furnace":55,"minecraft:total_world_time":661826,"minecraft:time_since_rest":2941,"minecraft:damage_taken":23088,"minecraft:trigger_trapped_chest":4,"minecraft:swim_one_cm":136232,"minecraft:fly_one_cm":1775658,"minecraft:open_chest":707,"minecraft:fall_one_cm":238479},"minecraft:broken":{"irons_spellbooks:tarnished_helmet":1,"minecraft:iron_boots":1,"minecraft:stone_pickaxe":1,"minecraft:iron_sword":1,"minecraft:wooden_axe":2,"minecraft:iron_pickaxe":1,"minecraft:iron_helmet":1},"minecraft:mined":{"biomemakeover:mycelium_sprouts":1,"minecraft:stone_pressure_plate":2,"minecraft:white_bed":2,"biomemakeover:wild_mushrooms":1,"minecraft:obsidian":11,"minecraft:spruce_trapdoor":1,"minecraft:cave_vines_plant":5,"minecraft:granite":4,"minecraft:grass_block":2262,"epicsamurai:silver_ore":5,"minecraft:coal_block":33,"minecraft:oak_wall_sign":1,"minecraft:spawner":39,"epicsamurai:deepslate_jade_ore":56,"minecraft:iron_ore":73,"minecraft:cobbled_deepslate":8,"minecraft:fire":17,"minecraft:anvil":2,"minecraft:cave_vines":13,"minecraft:polished_deepslate_slab":6,"minecraft:oak_stairs":4,"minecraft:iron_bars":1,"epicsamurai:deepslate_silver_ore":12,"minecraft:deepslate_brick_stairs":3,"minecraft:green_carpet":8,"graveyard:wither_skull_pile":1,"minecraft:iron_block":1,"biomesoplenty:jacaranda_leaves":2,"minecraft:deepslate_redstone_ore":1,"soulsweapons:verglas_ore_deepslate":44,"minecraft:polished_deepslate_stairs":1,"biomesoplenty:hanging_cobweb_strand":1,"born_in_chaos_v1:infected_deepslate_diamond_ore":1,"minecraft:torch":6,"minecraft:blast_furnace":1,"minecraft:chest":2,"minecraft:oak_planks":3,"minecraft:iron_door":2,"minecraft:wall_torch":7,"realmrpg_skeletons:bow_skeleton":1,"minecraft:mud":1,"minecraft:lilac":12,"minecraft:tnt":2,"minecraft:stone_brick_stairs":2,"minecraft:smooth_stone_slab":3,"minecraft:grass":633,"minecraft:cracked_deepslate_tiles":3,"minecraft:oak_log":11,"minecraft:dirt":2931,"realmrpg_skeletons:unsaved_skeleton":1,"minecraft:oak_leaves":6,"minecraft:deepslate":124,"soulsweapons:verglas_ore":5,"realmrpg_skeletons:waterdrop_skeleton":1,"minecraft:deepslate_tiles":1,"minecraft:tuff":3,"iceandfire:silver_ore":2,"minecraft:mossy_cobblestone":83,"epicsamurai:deepslate_onyx_ore":39,"biomemakeover:ancient_oak_log":5,"minecraft:deepslate_diamond_ore":14,"minecraft:oak_door":1,"minecraft:dark_oak_log":38,"minecraft:glow_lichen":2,"minecraft:cobbled_deepslate_slab":4,"epicsamurai:deepslate_ruby_ore":85,"iceandfire:deepslate_silver_ore":1,"minecraft:spruce_leaves":21,"minecraft:moss_block":1,"minecraft:rooted_dirt":1,"minecraft:hay_block":13,"minecraft:spruce_sapling":3,"minecraft:furnace":5,"treechop:chopped_log":74,"minecraft:peony":1,"minecraft:gold_block":2,"soulsweapons:moonstone_ore_deepslate":113,"minecraft:bookshelf":12,"minecraft:vine":1,"minecraft:deepslate_iron_ore":191,"minecraft:rail":1,"minecraft:stripped_oak_log":3,"minecraft:stone":534,"minecraft:potted_allium":1,"epicsamurai:jade_ore":7,"minecraft:brown_carpet":1,"minecraft:stone_brick_slab":1,"minecraft:spruce_door":1,"epicsamurai:deepslate_aquamarine_ore":28,"minecraft:oak_fence":1,"minecraft:crafting_table":12,"biomesoplenty:high_grass_plant":2,"minecraft:tall_grass":81,"minecraft:deepslate_coal_ore":11,"minecraft:deepslate_gold_ore":65,"biomesoplenty:huge_clover_petal":2,"minecraft:diorite":1,"minecraft:coal_ore":140,"minecraft:gravel":5,"minecraft:sunflower":1,"graveyard:leaning_skeleton":1,"minecraft:cobweb":27,"minecraft:polished_andesite":4,"minecraft:stone_bricks":2,"minecraft:mossy_stone_bricks":1,"minecraft:gold_ore":1,"epicsamurai:ruby_ore":3,"minecraft:fern":7},"minecraft:killed":{"born_in_chaos_v1:zombie_clown":1,"earthmobsmod:duck":4,"creeperoverhaul:hills_creeper":2,"knightquest:eldknight":1,"minecraft:cave_spider":4,"minecraft:witch":1,"graveyard:skeleton_creeper":2,"born_in_chaos_v1:restless_spirit":10,"born_in_chaos_v1:zombie_lumberjack":2,"born_in_chaos_v1:skeleton_demoman":3,"irons_spellbooks:pyromancer":1,"minecraft:spider":26,"alexsmobs:murmur":1,"born_in_chaos_v1:siamese_skeletonsright":9,"minecraft:zombie_horse":2,"born_in_chaos_v1:scarlet_persecutor":2,"minecraft:skeleton":61,"friendsandfoes:glare":1,"minecraft:bee":1,"realmrpg_demons:chort":12,"born_in_chaos_v1:skeleton_thrasher":4,"aquaculture:perch":1,"earthmobsmod:cookie_cow":3,"alexsmobs:centipede_head":1,"aquaculture:atlantic_herring":2,"irons_spellbooks:archevoker":1,"irons_spellbooks:summoned_skeleton":8,"born_in_chaos_v1:firelight_not_despawn":2,"artifacts:mimic":5,"born_in_chaos_v1:bonescaller":4,"minecraft:pig":5,"alexsmobs:grizzly_bear":2,"minecraft:zombie_villager":5,"born_in_chaos_v1:diamond_termite":1,"epicsamurai:kitsune":2,"epicsamurai:jorogumo":4,"irons_spellbooks:necromancer":7,"minecraft:creeper":23,"minecraft:sheep":2,"born_in_chaos_v1:zombie_fisherman":3,"minecraft:pillager":3,"tinyskeletons:baby_skeleton":1,"minecraft:zombie":136,"born_in_chaos_v1:dread_hound":32,"born_in_chaos_v1:corpse_fly":59,"alexsmobs:fly":6,"born_in_chaos_v1:door_knight":3,"born_in_chaos_v1:siamese_skeletonsleft":9,"earthmobsmod:sunset_cow":1,"born_in_chaos_v1:missioner":2,"irons_spellbooks:summoned_zombie":14,"aquaculture:bluegill":2,"graveyard:nightmare":1,"minecraft:giant":1,"minecraft:vindicator":1,"alexsmobs:seagull":1,"born_in_chaos_v1:zombie_bruiser":6,"born_in_chaos_v1:maggot":75,"born_in_chaos_v1:baby_spider":29,"minecraft:horse":1,"born_in_chaos_v1:dire_hound_leader":1,"iceandfire:fire_dragon":1,"earthmobsmod:fancy_chicken":2,"alexsmobs:murmur_head":1,"minecraft:drowned":19,"earthmobsmod:pinto_cow":2,"born_in_chaos_v1:corpse_fish":3,"born_in_chaos_v1:barrel_zombie":2,"born_in_chaos_v1:siamese_skeletons":6,"born_in_chaos_v1:spiritof_chaos":6,"born_in_chaos_v1:fallen_chaos_knight":2,"minecraft:husk":3,"earthmobsmod:bouldering_zombie":11,"graveyard:ghoul":2,"born_in_chaos_v1:baby_skeleton":6,"born_in_chaos_v1:swarmer":7,"knightquest:eldbomb":1,"minecraft:bat":1,"minecraft:ravager":2,"born_in_chaos_v1:mother_spider":2,"born_in_chaos_v1:decrepit_skeleton":14,"born_in_chaos_v1:phantom_creeper_copy":1,"born_in_chaos_v1:bloody_gadfly":1,"born_in_chaos_v1:decaying_zombie":8,"alexsmobs:cockroach":3,"sons_of_sins:betrayed_guzzler":3,"born_in_chaos_v1:dark_vortex":2,"born_in_chaos_v1:nightmare_stalker":5,"earthmobsmod:horned_sheep":3}},"DataVersion":3465}