{"stats":{"minecraft:killed_by":{"born_in_chaos_v1:baby_spider":1,"born_in_chaos_v1:dark_vortex":1,"born_in_chaos_v1:mother_spider":1,"born_in_chaos_v1:dread_hound":1,"minecraft:creeper":1,"artifacts:mimic":1,"minecraft:player":5,"irons_spellbooks:necromancer":4,"minecraft:skeleton":1,"tinyskeletons:baby_skeleton":1},"minecraft:picked_up":{"minecraft:iron_chestplate":3,"minecraft:flower_pot":1,"minecraft:anvil":2,"minecraft:lead":5,"minecraft:oak_stairs":4,"minecraft:enchanted_book":2,"minecraft:string":114,"biomemakeover:cladded_chestplate":1,"minecraft:cobbled_deepslate":1673,"bosses_of_mass_destruction:soul_star":7,"born_in_chaos_v1:charmof_power":1,"minecraft:spruce_planks":20,"minecraft:enchanted_golden_apple":1,"biomesoplenty:redwood_wood":334,"minecraft:coal_block":27,"artifacts:universal_attractor":1,"born_in_chaos_v1:shattered_skull":4,"born_in_chaos_v1:pileof_dark_metal":2,"minecraft:cherry_log":2,"irons_spellbooks:fire_rune":1,"minecraft:brown_carpet":2,"too_many_bows:arcane_bow":2,"relics:horse_flute":1,"minecraft:iron_block":2,"minecraft:iron_bars":1,"minecraft:birch_log":55,"minecraft:feather":6,"orcz:orcteeth":10,"minecraft:iron_door":2,"born_in_chaos_v1:spiritual_dust":5,"minecraft:lantern":10,"biomemakeover:crude_fragment":6,"minecraft:moss_block":1,"epicsamurai:raw_silver":26,"irons_spellbooks:legendary_ink":2,"sophisticatedbackpacks:iron_backpack":3,"minecraft:dark_oak_log":792,"minecraft:polished_andesite":6,"biomemakeover:green_glowshroom":1,"minecraft:deepslate":2,"minecraft:granite":1,"minecraft:rooted_dirt":1,"alexsmobs:maggot":4,"epicsamurai:ruby":95,"born_in_chaos_v1:rotten_fish":2,"iceandfire:raw_silver":3,"minecraft:spruce_leaves":238,"biomesoplenty:redwood_log":3,"minecraft:mud":1,"minecraft:crafting_table":11,"minecraft:clay_ball":8,"born_in_chaos_v1:seedof_chaos":10,"irons_spellbooks:tarnished_helmet":2,"born_in_chaos_v1:charmof_resistance":1,"biomemakeover:ancient_oak_log":28,"epicsamurai:jade":51,"born_in_chaos_v1:intoxicating_decoction":2,"dungeonnowloading:spawner_fragment":164,"minecraft:beef":6,"born_in_chaos_v1:gnawed_bones":6,"minecraft:chest":2,"minecraft:birch_sapling":24,"sons_of_sins:sickle_of_struggle":1,"minecraft:egg":4,"minecraft:polished_deepslate_slab":4,"minecraft:stone":1369,"minecraft:oak_door":2,"minecraft:spruce_fence":9,"born_in_chaos_v1:pieceofdarkmetal":57,"minecraft:carrot":5,"minecraft:redstone":27,"artifacts:everlasting_beef":1,"irons_spellbooks:evocation_rune":1,"minecraft:diamond_chestplate":1,"minecraft:decorated_pot":1,"minecraft:peony":1,"minecraft:deepslate_bricks":1,"minecraft:hay_block":13,"minecraft:gold_ingot":2,"biomesoplenty:redwood_sapling":44,"minecraft:glow_berries":18,"minecraft:mutton":11,"minecraft:rail":1,"minecraft:white_wool":6,"epicsamurai:kitsune_hide":2,"minecraft:stripped_oak_log":3,"born_in_chaos_v1:monster_flesh":35,"minecraft:red_mushroom":6,"minecraft:filled_map":1,"minecraft:oak_log":199,"minecraft:golden_boots":1,"minecraft:sculk_vein":30,"minecraft:white_banner":3,"minecraft:apple":13,"minecraft:stone_bricks":1,"minecraft:kelp":2,"relics:infinity_ham":1,"epicsamurai:aquamarine":41,"minecraft:iron_sword":2,"minecraft:polished_andesite_stairs":1,"born_in_chaos_v1:ethereal_spirit":62,"minecraft:gravel":19,"minecraft:spruce_sapling":353,"born_in_chaos_v1:fangofthe_hound_leader":2,"minecraft:spruce_log":2952,"minecraft:leather_helmet":2,"minecraft:coal_ore":20,"minecraft:slime_ball":3,"irons_spellbooks:magehunter":1,"minecraft:ender_pearl":7,"irons_spellbooks:scroll":4,"minecraft:wheat":4,"soulsweapons:moonstone":116,"earthmobsmod:fancy_egg":1,"minecraft:turtle_egg":1,"minecraft:smooth_stone_slab":6,"minecraft:iron_leggings":1,"born_in_chaos_v1:dark_upgrade":1,"minecraft:armor_stand":1,"minecraft:oak_sign":5,"irons_spellbooks:arcane_essence":16,"minecraft:deepslate_tiles":1,"biomemakeover:ancient_oak_sapling":4,"minecraft:bucket":2,"twigs:pebble":2,"minecraft:rose_bush":2,"minecraft:redstone_torch":1,"minecraft:azalea":1,"alexsmobs:raccoon_tail":2,"minecraft:furnace":7,"minecraft:tipped_arrow":1,"minecraft:stick":25,"minecraft:oak_fence":2,"minecraft:polished_deepslate_stairs":1,"born_in_chaos_v1:phantom_powder":1,"minecraft:torch":61,"minecraft:spruce_stairs":4,"minecraft:porkchop":11,"minecraft:diorite":1,"born_in_chaos_v1:nightmare_claw":6,"minecraft:rotten_flesh":291,"soulsweapons:bluemoon_greatsword":1,"irons_spellbooks:arcane_debris":3,"minecraft:deepslate_brick_stairs":4,"minecraft:obsidian":10,"minecraft:cobblestone":304,"minecraft:nautilus_shell":1,"minecraft:lilac":12,"minecraft:potato":1,"alexsmobs:bear_fur":3,"minecraft:tuff":191,"create:raw_zinc":1,"minecraft:dirt":5473,"born_in_chaos_v1:monster_skin":30,"minecraft:bone":151,"minecraft:bow":2,"minecraft:wheat_seeds":274,"minecraft:raw_gold":78,"minecraft:cobbled_deepslate_slab":2,"minecraft:powered_rail":1,"twigs:twig":348,"minecraft:oak_planks":7,"irons_spellbooks:frozen_bone":8,"earthmobsmod:harder_flesh":8,"sons_of_sins:flesh_of_demise":3,"minecraft:mossy_cobblestone":86,"born_in_chaos_v1:fire_dust":2,"minecraft:diamond":59,"minecraft:spruce_boat":1,"waystones:waystone":5,"epicsamurai:jorogumo_eye":11,"minecraft:golden_apple":2,"soulsweapons:verglas":55,"minecraft:emerald":7,"minecraft:oak_sapling":70,"irons_spellbooks:uncommon_ink":1,"minecraft:fishing_rod":1,"minecraft:allium":1,"minecraft:azure_bluet":3,"minecraft:chicken":2,"minecraft:ladder":2,"irons_spellbooks:necronomicon_spell_book":1,"minecraft:brown_mushroom":14,"minecraft:gold_block":2,"minecraft:chain":9,"minecraft:shield":2,"minecraft:oak_trapdoor":2,"minecraft:moss_carpet":3,"minecraft:iron_axe":1,"artifacts:feral_claws":1,"minecraft:item_frame":6,"graveyard:corruption":1,"alexsmobs:elastic_tendon":4,"irons_spellbooks:epic_ink":3,"minecraft:light_gray_wool":1,"minecraft:spruce_trapdoor":2,"knightlib:small_essence":43,"minecraft:dark_oak_sapling":85,"minecraft:raw_iron":253,"twigs:lamp":1,"artifacts:vampiric_glove":2,"minecraft:stone_pressure_plate":1,"minecraft:dark_oak_planks":172,"minecraft:arrow":61,"artifacts:cowboy_hat":1,"artifacts:running_shoes":1,"minecraft:saddle":3,"epicsamurai:kitsune_tail":2,"born_in_chaos_v1:fused_bone":26,"born_in_chaos_v1:corpse_maggot":143,"artifacts:eternal_steak":1,"artifacts:novelty_drinking_hat":1,"minecraft:leather":7,"minecraft:gunpowder":14,"alexsmobs:unsettling_kimono":1,"minecraft:red_carpet":6,"born_in_chaos_v1:spider_mandible":2,"minecraft:iron_ingot":10,"minecraft:book":57,"epicsamurai:onyx":53,"minecraft:scaffolding":1,"artifacts:obsidian_skull":1,"born_in_chaos_v1:dark_rod":4,"minecraft:blast_furnace":1,"minecraft:white_bed":3,"minecraft:spider_eye":21,"minecraft:green_carpet":8,"minecraft:spruce_door":1,"biomemakeover:cladding_upgrade_smithing_template":2,"minecraft:iron_helmet":2,"minecraft:coal":332,"minecraft:sunflower":1},"minecraft:mined":{"biomemakeover:mycelium_sprouts":1,"minecraft:white_bed":3,"minecraft:obsidian":11,"minecraft:granite":4,"epicsamurai:silver_ore":5,"minecraft:coal_block":33,"minecraft:oak_wall_sign":1,"minecraft:spawner":39,"epicsamurai:deepslate_jade_ore":56,"minecraft:fire":17,"minecraft:cobbled_deepslate":8,"minecraft:cave_vines":13,"minecraft:polished_deepslate_slab":6,"minecraft:oak_stairs":4,"minecraft:deepslate_brick_stairs":4,"minecraft:green_carpet":8,"minecraft:iron_block":1,"biomesoplenty:jacaranda_leaves":2,"soulsweapons:verglas_ore_deepslate":44,"minecraft:deepslate_brick_wall":1,"born_in_chaos_v1:infected_deepslate_diamond_ore":1,"minecraft:torch":6,"minecraft:blast_furnace":1,"minecraft:mud":1,"minecraft:lilac":12,"minecraft:stone_brick_stairs":2,"minecraft:grass":653,"minecraft:deepslate":156,"minecraft:deepslate_tiles":1,"iceandfire:silver_ore":2,"minecraft:mossy_cobblestone":83,"epicsamurai:deepslate_onyx_ore":39,"biomemakeover:ancient_oak_log":5,"minecraft:dark_oak_log":38,"minecraft:cobbled_deepslate_slab":4,"minecraft:dark_oak_fence":1,"minecraft:spruce_fence":9,"iceandfire:deepslate_silver_ore":1,"minecraft:moss_block":1,"minecraft:vine":1,"minecraft:rail":1,"minecraft:potted_allium":1,"epicsamurai:jade_ore":7,"minecraft:brown_carpet":1,"minecraft:stone_brick_slab":1,"biomesoplenty:high_grass_plant":2,"minecraft:tall_grass":81,"minecraft:deepslate_gold_ore":65,"minecraft:diorite":1,"minecraft:spruce_log":66,"minecraft:sunflower":1,"minecraft:gravel":11,"minecraft:cobweb":27,"minecraft:stone_bricks":2,"minecraft:gold_ore":1,"minecraft:fern":7,"minecraft:spruce_planks":20,"minecraft:stone_pressure_plate":2,"minecraft:farmland":1,"biomemakeover:wild_mushrooms":1,"minecraft:spruce_trapdoor":2,"minecraft:cave_vines_plant":5,"minecraft:grass_block":2500,"minecraft:iron_ore":73,"minecraft:anvil":2,"minecraft:iron_bars":1,"epicsamurai:deepslate_silver_ore":12,"graveyard:wither_skull_pile":1,"minecraft:deepslate_redstone_ore":1,"twigs:lamp":1,"minecraft:polished_deepslate_stairs":1,"biomesoplenty:hanging_cobweb_strand":1,"minecraft:chest":2,"minecraft:oak_planks":6,"minecraft:iron_door":2,"minecraft:wall_torch":8,"realmrpg_skeletons:bow_skeleton":1,"minecraft:tnt":2,"minecraft:smooth_stone_slab":4,"minecraft:cracked_deepslate_tiles":3,"minecraft:oak_log":11,"minecraft:dirt":2947,"realmrpg_skeletons:unsaved_skeleton":1,"minecraft:oak_leaves":7,"soulsweapons:verglas_ore":5,"realmrpg_skeletons:waterdrop_skeleton":1,"minecraft:tuff":3,"minecraft:deepslate_diamond_ore":29,"minecraft:oak_door":1,"minecraft:glow_lichen":2,"epicsamurai:deepslate_ruby_ore":85,"minecraft:spruce_leaves":277,"minecraft:rooted_dirt":1,"minecraft:hay_block":13,"minecraft:oak_trapdoor":2,"minecraft:spruce_sapling":9,"minecraft:furnace":5,"treechop:chopped_log":100,"minecraft:peony":1,"minecraft:gold_block":2,"soulsweapons:moonstone_ore_deepslate":113,"minecraft:bookshelf":12,"minecraft:deepslate_iron_ore":191,"minecraft:lantern":5,"minecraft:stripped_oak_log":3,"minecraft:stone":534,"minecraft:spruce_door":1,"epicsamurai:deepslate_aquamarine_ore":28,"minecraft:oak_fence":1,"minecraft:crafting_table":12,"minecraft:deepslate_coal_ore":11,"biomesoplenty:huge_clover_petal":2,"minecraft:spruce_stairs":4,"minecraft:coal_ore":140,"graveyard:leaning_skeleton":1,"minecraft:polished_andesite":4,"minecraft:mossy_stone_bricks":1,"epicsamurai:ruby_ore":3},"minecraft:dropped":{"sophisticatedbackpacks:iron_backpack":3,"knightlib:small_essence":28,"minecraft:iron_sword":4,"iceandfire:raw_silver":1,"minecraft:diamond":4,"minecraft:cooked_porkchop":2,"relics:infinity_ham":3,"minecraft:saddle":2,"born_in_chaos_v1:nightmare_claw":1,"minecraft:rail":1,"minecraft:leather_helmet":4,"minecraft:red_mushroom":6,"minecraft:red_carpet":5,"minecraft:item_frame":3,"twigs:pebble":2,"born_in_chaos_v1:monster_flesh":11,"minecraft:dirt":183,"irons_spellbooks:arcane_essence":10,"minecraft:chain":8,"minecraft:sunflower":1,"minecraft:iron_pickaxe":3,"minecraft:dark_oak_planks":321,"alexsmobs:raccoon_tail":2,"minecraft:white_wool":5,"sons_of_sins:flesh_of_demise":1,"minecraft:bone":145,"minecraft:oak_door":1,"majruszsdifficulty:cloth":11,"simplyswords:iron_katana":1,"minecraft:cobbled_deepslate":61,"minecraft:wheat":6,"minecraft:birch_sapling":24,"soulsweapons:moonstone":4,"minecraft:rotten_flesh":256,"minecraft:oak_planks":4,"minecraft:azure_bluet":1,"bosses_of_mass_destruction:soul_star":4,"minecraft:tipped_arrow":1,"minecraft:coal_ore":20,"soulsweapons:moonstone_pickaxe":1,"minecraft:ladder":2,"minecraft:enchanted_book":1,"minecraft:egg":2,"minecraft:golden_boots":1,"minecraft:iron_ingot":2,"minecraft:wheat_seeds":275,"born_in_chaos_v1:shattered_skull":1,"soulsweapons:bluemoon_greatsword":2,"minecraft:feather":6,"minecraft:iron_helmet":4,"minecraft:cobblestone":101,"minecraft:apple":9,"simplyswords:gold_glaive":1,"minecraft:coal":49,"minecraft:turtle_egg":1,"minecraft:diamond_horse_armor":1,"born_in_chaos_v1:gnawed_bones":3,"minecraft:wooden_axe":1,"minecraft:rose_bush":2,"epicsamurai:jorogumo_eye":11,"minecraft:white_banner":3,"minecraft:mud":1,"biomesoplenty:glowshroom":1,"minecraft:iron_shovel":1,"minecraft:string":93,"create:raw_zinc":3,"minecraft:spruce_sapling":2,"sophisticatedbackpacks:pickup_upgrade":1,"minecraft:moss_carpet":3,"minecraft:smooth_stone_slab":6,"minecraft:deepslate":2,"born_in_chaos_v1:rotten_fish":1,"minecraft:chicken":1,"irons_spellbooks:magehunter":1,"biomesoplenty:redwood_planks":12,"minecraft:clay_ball":8,"minecraft:iron_boots":2,"earthmobsmod:harder_flesh":4,"minecraft:oak_sign":2,"minecraft:potato":1,"minecraft:flower_pot":1,"minecraft:allium":1,"sons_of_sins:sickle_of_struggle":1,"majruszsdifficulty:bandage":8,"minecraft:peony":1,"minecraft:spruce_planks":3,"too_many_bows:arcane_bow":2,"minecraft:redstone_torch":1,"minecraft:stone_pressure_plate":1,"minecraft:spider_eye":13,"minecraft:brown_carpet":1,"minecraft:bow":1,"minecraft:moss_block":1,"minecraft:brown_mushroom":14,"minecraft:oak_log":3,"epicsamurai:red_samurai_chestplate_light":1,"epicsamurai:onyx":5,"minecraft:leather":5,"biomemakeover:crude_fragment":4,"relics:horse_flute":1,"epicsamurai:red_samurai_helmet_light":1,"too_many_bows:burnt_relic":1,"minecraft:dark_oak_log":273,"born_in_chaos_v1:monster_skin":11,"minecraft:mutton":10,"irons_spellbooks:emerald_stoneplate_ring":1,"twigs:twig":108,"minecraft:armor_stand":1,"minecraft:gravel":15,"born_in_chaos_v1:fire_dust":2,"biomesoplenty:redwood_sapling":44,"dungeonnowloading:spawner_leggings":1,"born_in_chaos_v1:ethereal_spirit":30,"dungeonnowloading:spawner_chestplate":1,"biomesoplenty:glowing_moss_block":2,"minecraft:carrot":4,"born_in_chaos_v1:seedof_chaos":2,"minecraft:trident":1,"minecraft:gunpowder":10,"born_in_chaos_v1:corpse_maggot":111,"biomemakeover:cladding_upgrade_smithing_template":2,"minecraft:arrow":49,"minecraft:powered_rail":1,"minecraft:written_book":1,"born_in_chaos_v1:dark_rod":1,"minecraft:water_bucket":1,"minecraft:golden_helmet":1,"minecraft:cherry_log":2,"minecraft:lilac":12,"minecraft:mossy_cobblestone":80,"epicsamurai:red_samurai_boots_light":1,"minecraft:lead":5,"minecraft:sculk_vein":30,"simplyswords:diamond_warglaive":1,"epicsamurai:red_samurai_leggings_light":1,"minecraft:stick":5,"irons_spellbooks:scroll":1,"minecraft:deepslate_brick_stairs":2,"irons_spellbooks:affinity_ring":1,"minecraft:torch":145,"born_in_chaos_v1:fused_bone":20,"minecraft:iron_leggings":4,"minecraft:iron_axe":1,"artifacts:feral_claws":1,"irons_spellbooks:frozen_bone":3,"minecraft:bucket":4,"minecraft:redstone":27,"minecraft:kelp":2,"alexsmobs:maggot":2,"minecraft:tuff":189,"minecraft:raw_iron":4,"earthmobsmod:fancy_egg":1,"minecraft:light_gray_wool":1,"alexsmobs:bear_fur":3,"dungeonnowloading:spawner_fragment":12,"minecraft:filled_map":2,"minecraft:shield":2,"orcz:orcteeth":10,"dungeonnowloading:spawner_boots":1,"minecraft:iron_chestplate":3,"minecraft:oak_sapling":67,"minecraft:spruce_log":7,"minecraft:slime_ball":2,"minecraft:stone_pickaxe":1,"simplyswords:diamond_scythe":1,"minecraft:wooden_pickaxe":1,"minecraft:raw_gold":6},"minecraft:killed":{"earthmobsmod:duck":4,"guardvillagers:guard":1,"creeperoverhaul:hills_creeper":6,"minecraft:cave_spider":4,"born_in_chaos_v1:restless_spirit":16,"born_in_chaos_v1:zombie_lumberjack":2,"born_in_chaos_v1:skeleton_demoman":4,"alexsmobs:murmur":1,"minecraft:cod":5,"born_in_chaos_v1:siamese_skeletonsright":13,"minecraft:zombie_horse":3,"minecraft:skeleton":92,"friendsandfoes:glare":1,"born_in_chaos_v1:skeleton_thrasher":4,"alexsmobs:centipede_head":1,"irons_spellbooks:archevoker":1,"minecraft:skeleton_horse":1,"majruszsdifficulty:tank":1,"minecraft:pillager":5,"tinyskeletons:baby_skeleton":1,"minecraft:zombie":177,"born_in_chaos_v1:corpse_fly":82,"whisperwoods:moth":1,"born_in_chaos_v1:door_knight":4,"orcz:orcsavage_2sword":1,"minecraft:cow":1,"graveyard:nightmare":1,"alexsmobs:raccoon":6,"minecraft:vindicator":1,"alexsmobs:seagull":1,"minecraft:horse":1,"born_in_chaos_v1:dire_hound_leader":1,"alexsmobs:murmur_head":1,"orcz:orcsavagemace":1,"earthmobsmod:pinto_cow":2,"born_in_chaos_v1:barrel_zombie":2,"born_in_chaos_v1:spiritof_chaos":10,"minecraft:husk":8,"earthmobsmod:bouldering_zombie":12,"graveyard:ghoul":2,"minecraft:wandering_trader":2,"minecraft:ravager":2,"born_in_chaos_v1:decrepit_skeleton":16,"born_in_chaos_v1:bloody_gadfly":2,"born_in_chaos_v1:dark_vortex":3,"earthmobsmod:horned_sheep":6,"born_in_chaos_v1:zombie_clown":1,"knightquest:eldknight":1,"minecraft:witch":2,"graveyard:skeleton_creeper":3,"irons_spellbooks:pyromancer":1,"minecraft:spider":38,"born_in_chaos_v1:scarlet_persecutor":6,"minecraft:bee":1,"realmrpg_demons:chort":20,"aquaculture:perch":1,"earthmobsmod:cookie_cow":3,"aquaculture:atlantic_herring":2,"irons_spellbooks:summoned_skeleton":8,"born_in_chaos_v1:firelight_not_despawn":2,"artifacts:mimic":5,"epicsamurai:enenra":2,"minecraft:wolf":2,"minecraft:pig":5,"born_in_chaos_v1:bonescaller":4,"alexsmobs:grizzly_bear":2,"born_in_chaos_v1:diamond_termite":1,"minecraft:zombie_villager":5,"epicsamurai:kitsune":2,"epicsamurai:jorogumo":7,"irons_spellbooks:necromancer":8,"minecraft:creeper":26,"minecraft:sheep":3,"minecraft:trader_llama":4,"born_in_chaos_v1:zombie_fisherman":3,"born_in_chaos_v1:dread_hound":36,"minecraft:stray":3,"alexsmobs:fly":6,"orcz:orcshield":1,"born_in_chaos_v1:siamese_skeletonsleft":12,"earthmobsmod:sunset_cow":1,"born_in_chaos_v1:missioner":2,"irons_spellbooks:summoned_zombie":15,"aquaculture:bluegill":2,"minecraft:giant":3,"born_in_chaos_v1:zombie_bruiser":6,"born_in_chaos_v1:maggot":103,"born_in_chaos_v1:baby_spider":34,"vinery:mule":1,"iceandfire:fire_dragon":1,"earthmobsmod:fancy_chicken":2,"born_in_chaos_v1:corpse_fish":3,"minecraft:drowned":19,"born_in_chaos_v1:siamese_skeletons":8,"vinery:wandering_winemaker":1,"born_in_chaos_v1:fallen_chaos_knight":3,"born_in_chaos_v1:baby_skeleton":9,"born_in_chaos_v1:swarmer":11,"knightquest:eldbomb":1,"minecraft:bat":1,"born_in_chaos_v1:mother_spider":2,"born_in_chaos_v1:phantom_creeper_copy":1,"born_in_chaos_v1:decaying_zombie":8,"alexsmobs:cockroach":3,"sons_of_sins:betrayed_guzzler":4,"born_in_chaos_v1:nightmare_stalker":5},"minecraft:used":{"minecraft:beetroot":11,"epicsamurai:blue_samurai_chestplate_light":1,"minecraft:chest":30,"minecraft:stone":26,"minecraft:rotten_flesh":16,"minecraft:azure_bluet":2,"minecraft:spruce_boat":1,"minecraft:netherite_hoe":69,"minecraft:furnace":7,"too_many_bows:arcane_bow":544,"minecraft:deepslate_brick_wall":137,"minecraft:wooden_pickaxe":25,"artifacts:eternal_steak":121,"minecraft:glow_berries":21,"soulsweapons:bluemoon_greatsword":623,"minecraft:blast_furnace":1,"minecraft:deepslate_brick_stairs":149,"relics:horse_flute":5,"globalxp:xp_block":1,"minecraft:dark_oak_fence":21,"minecraft:oak_trapdoor":54,"minecraft:iron_bars":1,"minecraft:torch":360,"minecraft:anvil":2,"minecraft:iron_axe":9,"minecraft:rooted_dirt":1,"soulsweapons:guts_sword":390,"minecraft:water_bucket":176,"minecraft:deepslate_bricks":28,"minecraft:mossy_cobblestone":6,"minecraft:crafting_table":14,"justhammers:diamond_hammer":880,"minecraft:white_bed":3,"minecraft:spruce_log":1390,"minecraft:diamond_pickaxe":864,"majruszsdifficulty:undead_army_treasure_bag":2,"minecraft:diamond_shovel":5424,"minecraft:iron_pickaxe":375,"minecraft:spruce_trapdoor":9,"minecraft:spruce_sapling":233,"minecraft:cobblestone":58,"minecraft:cooked_porkchop":7,"minecraft:oak_sign":1,"minecraft:shield":5,"minecraft:iron_sword":619,"minecraft:spruce_leaves":12,"minecraft:milk_bucket":3,"born_in_chaos_v1:corpse_maggot":19,"minecraft:lantern":70,"minecraft:item_frame":2,"minecraft:written_book":1,"minecraft:dark_oak_stairs":16,"minecraft:stone_pickaxe":175,"minecraft:oak_planks":84,"minecraft:diamond_axe":1630,"minecraft:shears":238,"waystones:waystone":4,"minecraft:bread":1,"born_in_chaos_v1:rotten_fish":1,"sons_of_sins:sickle_of_struggle":2,"minecraft:bone_meal":84,"minecraft:experience_bottle":7,"minecraft:oak_fence":1,"minecraft:spruce_planks":1216,"minecraft:cooked_chicken":1,"minecraft:oak_door":1,"minecraft:dirt":5142,"minecraft:spruce_stairs":172,"minecraft:spruce_fence":177,"minecraft:dark_oak_planks":5,"minecraft:wooden_axe":124,"minecraft:iron_boots":1,"minecraft:cooked_beef":11,"minecraft:cooked_mutton":2,"twigs:lamp":61,"minecraft:baked_potato":15,"soulsweapons:moonstone_pickaxe":189,"minecraft:stonecutter":1,"minecraft:dark_oak_door":4,"minecraft:apple":8,"minecraft:stone_axe":54,"minecraft:bucket":178,"minecraft:splash_potion":1},"minecraft:broken":{"minecraft:iron_boots":1,"minecraft:shears":1,"minecraft:iron_sword":1,"minecraft:iron_pickaxe":1,"minecraft:iron_helmet":1,"epicsamurai:blue_samurai_helmet_light":1,"irons_spellbooks:tarnished_helmet":1,"minecraft:stone_pickaxe":1,"minecraft:wooden_axe":2},"minecraft:custom":{"minecraft:interact_with_crafting_table":124,"minecraft:open_barrel":136,"minecraft:leave_game":18,"minecraft:time_since_death":13755,"minecraft:damage_blocked_by_shield":365,"minecraft:play_time":927856,"minecraft:deaths":22,"minecraft:jump":10429,"minecraft:enchant_item":8,"minecraft:interact_with_furnace":139,"minecraft:interact_with_cartography_table":2,"minecraft:sleep_in_bed":35,"minecraft:waystone_activated":10,"minecraft:damage_dealt":103040,"minecraft:interact_with_smoker":1,"minecraft:horse_one_cm":7304,"minecraft:interact_with_smithing_table":1,"minecraft:interact_with_anvil":9,"minecraft:damage_dealt_absorbed":160,"minecraft:sneak_time":31891,"minecraft:interact_with_lectern":1,"minecraft:interact_with_blast_furnace":55,"minecraft:total_world_time":927856,"minecraft:interact_with_stonecutter":6,"minecraft:time_since_rest":13829,"minecraft:swim_one_cm":152882,"minecraft:fly_one_cm":2209231,"minecraft:open_chest":915,"minecraft:fall_one_cm":332680,"minecraft:sprint_one_cm":3609102,"minecraft:drop":520,"minecraft:talked_to_villager":1,"minecraft:interact_with_brewingstand":1,"minecraft:walk_on_water_one_cm":107173,"minecraft:player_kills":6,"minecraft:crouch_one_cm":125617,"minecraft:mob_kills":1008,"minecraft:damage_dealt_resisted":18949,"minecraft:climb_one_cm":45694,"minecraft:walk_one_cm":2859718,"minecraft:walk_under_water_one_cm":63712,"minecraft:damage_taken":29586,"minecraft:trigger_trapped_chest":4},"minecraft:crafted":{"globalxp:xp_block":1,"minecraft:cooked_mutton":2,"minecraft:iron_bars":16,"minecraft:diamond_helmet":1,"minecraft:diamond_leggings":1,"soulsweapons:bluemoon_greatsword":2,"epicsamurai:red_samurai_chestplate_light":1,"minecraft:cooked_porkchop":9,"minecraft:diamond_axe":1,"epicsamurai:blue_samurai_chestplate_light":1,"minecraft:iron_pickaxe":2,"epicsamurai:blue_samurai_boots":1,"minecraft:iron_block":60,"minecraft:gold_ingot":87,"minecraft:iron_nugget":531,"minecraft:bone_meal":84,"minecraft:spruce_fence":240,"minecraft:lantern":66,"minecraft:dark_oak_fence":96,"minecraft:spruce_stairs":196,"epicsamurai:red_samurai_leggings_light":1,"dungeonnowloading:spawner_leggings":1,"minecraft:stone_pickaxe":2,"minecraft:diamond_boots":1,"minecraft:spruce_boat":1,"minecraft:dark_oak_planks":328,"minecraft:coal_block":35,"biomesoplenty:redwood_planks":12,"minecraft:wooden_axe":4,"minecraft:iron_leggings":2,"epicsamurai:steel_ingot":32,"minecraft:oak_planks":404,"minecraft:cooked_chicken":1,"soulsweapons:verglas_block":14,"minecraft:dark_oak_door":30,"minecraft:iron_boots":3,"epicsamurai:blue_samurai_helmet_light":1,"justhammers:diamond_hammer":2,"minecraft:chest":28,"dungeonnowloading:spawner_boots":1,"born_in_chaos_v1:pileof_dark_metal":7,"epicsamurai:red_samurai_boots_light":1,"dungeonnowloading:spawner_frame":32,"minecraft:crafting_table":4,"minecraft:spruce_planks":2144,"minecraft:baked_potato":15,"minecraft:wooden_pickaxe":2,"minecraft:iron_helmet":3,"minecraft:birch_planks":32,"minecraft:spruce_trapdoor":40,"minecraft:iron_chestplate":2,"minecraft:shield":1,"minecraft:stick":472,"minecraft:iron_ingot":1111,"minecraft:shears":1,"artifacts:eternal_steak":1,"minecraft:coal":144,"soulsweapons:guts_sword":1,"minecraft:furnace":1,"minecraft:oak_trapdoor":90,"twigs:lamp":66,"minecraft:iron_axe":1,"epicsamurai:blue_samurai_leggings_light":1,"soulsweapons:moonstone_pickaxe":2,"soulsweapons:moonstone_block":28,"minecraft:cooked_beef":11,"minecraft:dark_oak_stairs":40,"minecraft:iron_sword":2,"minecraft:bucket":1,"minecraft:stone_axe":1,"minecraft:air":0,"epicsamurai:red_samurai_helmet_light":1,"dungeonnowloading:spawner_chestplate":1,"minecraft:stonecutter":1,"minecraft:torch":536}},"DataVersion":3465}