{"stats":{"minecraft:broken":{"minecraft:iron_boots":1,"minecraft:iron_sword":1,"minecraft:iron_pickaxe":1,"minecraft:iron_helmet":1,"irons_spellbooks:tarnished_helmet":1,"minecraft:stone_pickaxe":1,"minecraft:wooden_axe":2},"minecraft:killed_by":{"born_in_chaos_v1:baby_spider":1,"born_in_chaos_v1:dark_vortex":1,"born_in_chaos_v1:mother_spider":1,"born_in_chaos_v1:dread_hound":1,"minecraft:creeper":1,"artifacts:mimic":1,"minecraft:player":4,"irons_spellbooks:necromancer":4,"minecraft:skeleton":1,"tinyskeletons:baby_skeleton":1},"minecraft:custom":{"minecraft:interact_with_crafting_table":104,"minecraft:open_barrel":136,"minecraft:leave_game":15,"minecraft:time_since_death":107196,"minecraft:damage_blocked_by_shield":365,"minecraft:play_time":824109,"minecraft:deaths":21,"minecraft:jump":9582,"minecraft:enchant_item":8,"minecraft:interact_with_furnace":139,"minecraft:interact_with_cartography_table":2,"minecraft:sleep_in_bed":28,"minecraft:waystone_activated":10,"minecraft:damage_dealt":90409,"minecraft:interact_with_smoker":1,"minecraft:horse_one_cm":7304,"minecraft:interact_with_smithing_table":1,"minecraft:interact_with_anvil":9,"minecraft:damage_dealt_absorbed":80,"minecraft:sneak_time":30008,"minecraft:interact_with_lectern":1,"minecraft:interact_with_blast_furnace":55,"minecraft:total_world_time":824109,"minecraft:interact_with_stonecutter":4,"minecraft:time_since_rest":15388,"minecraft:swim_one_cm":137074,"minecraft:fly_one_cm":1965804,"minecraft:open_chest":823,"minecraft:fall_one_cm":305110,"minecraft:sprint_one_cm":3211933,"minecraft:drop":446,"minecraft:talked_to_villager":1,"minecraft:interact_with_brewingstand":1,"minecraft:walk_on_water_one_cm":103042,"minecraft:player_kills":5,"minecraft:crouch_one_cm":119708,"minecraft:mob_kills":861,"minecraft:damage_dealt_resisted":18264,"minecraft:climb_one_cm":44863,"minecraft:walk_one_cm":2616246,"minecraft:walk_under_water_one_cm":57685,"minecraft:damage_taken":27062,"minecraft:trigger_trapped_chest":4},"minecraft:dropped":{"sophisticatedbackpacks:iron_backpack":3,"knightlib:small_essence":10,"minecraft:iron_sword":4,"iceandfire:raw_silver":1,"minecraft:diamond":4,"minecraft:cooked_porkchop":2,"relics:infinity_ham":3,"minecraft:saddle":2,"born_in_chaos_v1:nightmare_claw":1,"minecraft:rail":1,"minecraft:leather_helmet":4,"minecraft:red_mushroom":6,"minecraft:red_carpet":5,"minecraft:item_frame":3,"twigs:pebble":2,"born_in_chaos_v1:monster_flesh":3,"minecraft:dirt":183,"irons_spellbooks:arcane_essence":10,"minecraft:chain":8,"minecraft:sunflower":1,"minecraft:iron_pickaxe":3,"minecraft:dark_oak_planks":321,"alexsmobs:raccoon_tail":2,"minecraft:white_wool":5,"sons_of_sins:flesh_of_demise":1,"minecraft:bone":93,"minecraft:oak_door":1,"simplyswords:iron_katana":1,"minecraft:cobbled_deepslate":61,"minecraft:birch_sapling":24,"minecraft:wheat":6,"soulsweapons:moonstone":4,"minecraft:rotten_flesh":188,"minecraft:oak_planks":4,"minecraft:azure_bluet":1,"bosses_of_mass_destruction:soul_star":2,"minecraft:coal_ore":20,"soulsweapons:moonstone_pickaxe":1,"minecraft:ladder":2,"minecraft:egg":2,"minecraft:golden_boots":1,"minecraft:iron_ingot":2,"minecraft:wheat_seeds":275,"soulsweapons:bluemoon_greatsword":2,"minecraft:iron_helmet":4,"minecraft:feather":6,"minecraft:cobblestone":101,"minecraft:apple":9,"simplyswords:gold_glaive":1,"minecraft:coal":41,"minecraft:turtle_egg":1,"minecraft:diamond_horse_armor":1,"born_in_chaos_v1:gnawed_bones":2,"minecraft:wooden_axe":1,"minecraft:rose_bush":2,"epicsamurai:jorogumo_eye":9,"minecraft:white_banner":3,"minecraft:mud":1,"biomesoplenty:glowshroom":1,"minecraft:iron_shovel":1,"minecraft:string":85,"create:raw_zinc":3,"sophisticatedbackpacks:pickup_upgrade":1,"minecraft:moss_carpet":3,"minecraft:smooth_stone_slab":6,"minecraft:deepslate":2,"born_in_chaos_v1:rotten_fish":1,"minecraft:chicken":1,"irons_spellbooks:magehunter":1,"biomesoplenty:redwood_planks":12,"minecraft:clay_ball":8,"minecraft:iron_boots":2,"earthmobsmod:harder_flesh":4,"minecraft:oak_sign":2,"minecraft:potato":1,"minecraft:flower_pot":1,"minecraft:allium":1,"sons_of_sins:sickle_of_struggle":1,"minecraft:peony":1,"too_many_bows:arcane_bow":2,"minecraft:redstone_torch":1,"minecraft:stone_pressure_plate":1,"minecraft:spider_eye":10,"minecraft:brown_carpet":1,"minecraft:bow":1,"minecraft:moss_block":1,"minecraft:brown_mushroom":14,"minecraft:oak_log":3,"epicsamurai:red_samurai_chestplate_light":1,"epicsamurai:onyx":5,"minecraft:leather":4,"biomemakeover:crude_fragment":4,"relics:horse_flute":1,"epicsamurai:red_samurai_helmet_light":1,"too_many_bows:burnt_relic":1,"minecraft:dark_oak_log":273,"born_in_chaos_v1:monster_skin":4,"minecraft:mutton":10,"irons_spellbooks:emerald_stoneplate_ring":1,"twigs:twig":108,"minecraft:armor_stand":1,"minecraft:gravel":15,"born_in_chaos_v1:fire_dust":2,"biomesoplenty:redwood_sapling":44,"dungeonnowloading:spawner_leggings":1,"born_in_chaos_v1:ethereal_spirit":30,"dungeonnowloading:spawner_chestplate":1,"biomesoplenty:glowing_moss_block":2,"minecraft:carrot":4,"born_in_chaos_v1:seedof_chaos":2,"minecraft:trident":1,"minecraft:gunpowder":9,"born_in_chaos_v1:corpse_maggot":102,"biomemakeover:cladding_upgrade_smithing_template":2,"minecraft:arrow":3,"minecraft:powered_rail":1,"minecraft:written_book":1,"born_in_chaos_v1:dark_rod":1,"minecraft:water_bucket":1,"minecraft:golden_helmet":1,"minecraft:cherry_log":2,"minecraft:lilac":12,"minecraft:mossy_cobblestone":80,"epicsamurai:red_samurai_boots_light":1,"minecraft:lead":2,"minecraft:sculk_vein":30,"epicsamurai:red_samurai_leggings_light":1,"simplyswords:diamond_warglaive":1,"minecraft:stick":5,"irons_spellbooks:scroll":1,"minecraft:deepslate_brick_stairs":2,"irons_spellbooks:affinity_ring":1,"minecraft:torch":145,"born_in_chaos_v1:fused_bone":18,"minecraft:iron_leggings":4,"minecraft:iron_axe":1,"artifacts:feral_claws":1,"minecraft:bucket":3,"minecraft:redstone":27,"minecraft:kelp":2,"alexsmobs:maggot":2,"minecraft:tuff":189,"minecraft:raw_iron":4,"earthmobsmod:fancy_egg":1,"minecraft:light_gray_wool":1,"dungeonnowloading:spawner_fragment":12,"alexsmobs:bear_fur":3,"minecraft:filled_map":2,"minecraft:shield":2,"orcz:orcteeth":10,"dungeonnowloading:spawner_boots":1,"minecraft:iron_chestplate":3,"minecraft:oak_sapling":67,"minecraft:slime_ball":2,"simplyswords:diamond_scythe":1,"minecraft:stone_pickaxe":1,"minecraft:wooden_pickaxe":1,"minecraft:raw_gold":6},"minecraft:killed":{"earthmobsmod:duck":4,"guardvillagers:guard":1,"creeperoverhaul:hills_creeper":3,"minecraft:cave_spider":4,"born_in_chaos_v1:restless_spirit":13,"born_in_chaos_v1:zombie_lumberjack":2,"born_in_chaos_v1:skeleton_demoman":3,"alexsmobs:murmur":1,"born_in_chaos_v1:siamese_skeletonsright":10,"minecraft:zombie_horse":2,"minecraft:skeleton":63,"friendsandfoes:glare":1,"born_in_chaos_v1:skeleton_thrasher":4,"alexsmobs:centipede_head":1,"irons_spellbooks:archevoker":1,"minecraft:pillager":5,"tinyskeletons:baby_skeleton":1,"minecraft:zombie":146,"born_in_chaos_v1:corpse_fly":79,"whisperwoods:moth":1,"born_in_chaos_v1:door_knight":3,"orcz:orcsavage_2sword":1,"graveyard:nightmare":1,"alexsmobs:raccoon":4,"minecraft:vindicator":1,"alexsmobs:seagull":1,"minecraft:horse":1,"born_in_chaos_v1:dire_hound_leader":1,"alexsmobs:murmur_head":1,"earthmobsmod:pinto_cow":2,"orcz:orcsavagemace":1,"born_in_chaos_v1:barrel_zombie":2,"born_in_chaos_v1:spiritof_chaos":9,"minecraft:husk":3,"earthmobsmod:bouldering_zombie":12,"graveyard:ghoul":2,"minecraft:wandering_trader":1,"minecraft:ravager":2,"born_in_chaos_v1:decrepit_skeleton":15,"born_in_chaos_v1:bloody_gadfly":2,"born_in_chaos_v1:dark_vortex":3,"earthmobsmod:horned_sheep":6,"born_in_chaos_v1:zombie_clown":1,"knightquest:eldknight":1,"minecraft:witch":1,"graveyard:skeleton_creeper":2,"irons_spellbooks:pyromancer":1,"minecraft:spider":31,"born_in_chaos_v1:scarlet_persecutor":6,"minecraft:bee":1,"realmrpg_demons:chort":15,"aquaculture:perch":1,"earthmobsmod:cookie_cow":3,"aquaculture:atlantic_herring":2,"irons_spellbooks:summoned_skeleton":8,"born_in_chaos_v1:firelight_not_despawn":2,"artifacts:mimic":5,"epicsamurai:enenra":2,"minecraft:wolf":2,"minecraft:pig":5,"born_in_chaos_v1:bonescaller":4,"alexsmobs:grizzly_bear":2,"born_in_chaos_v1:diamond_termite":1,"minecraft:zombie_villager":5,"epicsamurai:kitsune":2,"epicsamurai:jorogumo":6,"irons_spellbooks:necromancer":7,"minecraft:creeper":23,"minecraft:sheep":2,"minecraft:trader_llama":2,"born_in_chaos_v1:zombie_fisherman":3,"born_in_chaos_v1:dread_hound":32,"alexsmobs:fly":6,"orcz:orcshield":1,"born_in_chaos_v1:siamese_skeletonsleft":10,"earthmobsmod:sunset_cow":1,"born_in_chaos_v1:missioner":2,"irons_spellbooks:summoned_zombie":14,"aquaculture:bluegill":2,"minecraft:giant":1,"born_in_chaos_v1:zombie_bruiser":6,"born_in_chaos_v1:maggot":90,"born_in_chaos_v1:baby_spider":33,"iceandfire:fire_dragon":1,"earthmobsmod:fancy_chicken":2,"born_in_chaos_v1:corpse_fish":3,"minecraft:drowned":19,"born_in_chaos_v1:siamese_skeletons":6,"born_in_chaos_v1:fallen_chaos_knight":3,"born_in_chaos_v1:baby_skeleton":8,"born_in_chaos_v1:swarmer":11,"knightquest:eldbomb":1,"minecraft:bat":1,"born_in_chaos_v1:mother_spider":2,"born_in_chaos_v1:phantom_creeper_copy":1,"born_in_chaos_v1:decaying_zombie":8,"alexsmobs:cockroach":3,"sons_of_sins:betrayed_guzzler":4,"born_in_chaos_v1:nightmare_stalker":5},"minecraft:used":{"minecraft:beetroot":11,"epicsamurai:blue_samurai_chestplate_light":1,"minecraft:chest":28,"minecraft:stone":26,"minecraft:rotten_flesh":16,"minecraft:azure_bluet":2,"minecraft:netherite_hoe":69,"minecraft:furnace":7,"too_many_bows:arcane_bow":471,"minecraft:deepslate_brick_wall":24,"minecraft:wooden_pickaxe":25,"artifacts:eternal_steak":121,"minecraft:glow_berries":21,"soulsweapons:bluemoon_greatsword":623,"minecraft:blast_furnace":1,"minecraft:deepslate_brick_stairs":137,"relics:horse_flute":5,"globalxp:xp_block":1,"minecraft:oak_trapdoor":42,"minecraft:iron_bars":1,"minecraft:torch":337,"minecraft:anvil":2,"minecraft:iron_axe":9,"minecraft:rooted_dirt":1,"soulsweapons:guts_sword":265,"minecraft:water_bucket":172,"minecraft:deepslate_bricks":28,"minecraft:mossy_cobblestone":6,"minecraft:crafting_table":13,"justhammers:diamond_hammer":880,"minecraft:white_bed":3,"minecraft:spruce_log":1191,"minecraft:diamond_pickaxe":859,"minecraft:diamond_shovel":5424,"minecraft:iron_pickaxe":375,"minecraft:spruce_trapdoor":9,"minecraft:spruce_sapling":233,"minecraft:cobblestone":58,"minecraft:cooked_porkchop":7,"minecraft:oak_sign":1,"minecraft:shield":5,"minecraft:iron_sword":619,"minecraft:milk_bucket":3,"born_in_chaos_v1:corpse_maggot":19,"minecraft:lantern":7,"minecraft:item_frame":2,"minecraft:written_book":1,"minecraft:stone_pickaxe":175,"minecraft:oak_planks":74,"minecraft:diamond_axe":1538,"waystones:waystone":4,"minecraft:bread":1,"born_in_chaos_v1:rotten_fish":1,"sons_of_sins:sickle_of_struggle":2,"minecraft:bone_meal":84,"minecraft:experience_bottle":7,"minecraft:oak_fence":1,"minecraft:spruce_planks":1213,"minecraft:cooked_chicken":1,"minecraft:oak_door":1,"minecraft:dirt":5134,"minecraft:spruce_stairs":48,"minecraft:spruce_fence":76,"minecraft:dark_oak_planks":5,"minecraft:wooden_axe":124,"minecraft:iron_boots":1,"minecraft:cooked_beef":11,"minecraft:cooked_mutton":2,"twigs:lamp":49,"minecraft:baked_potato":15,"soulsweapons:moonstone_pickaxe":188,"minecraft:stonecutter":1,"minecraft:apple":8,"minecraft:stone_axe":54,"minecraft:bucket":174,"minecraft:splash_potion":1},"minecraft:mined":{"biomemakeover:mycelium_sprouts":1,"minecraft:white_bed":3,"minecraft:obsidian":11,"minecraft:granite":4,"epicsamurai:silver_ore":5,"minecraft:coal_block":33,"minecraft:oak_wall_sign":1,"minecraft:spawner":39,"epicsamurai:deepslate_jade_ore":56,"minecraft:fire":17,"minecraft:cobbled_deepslate":8,"minecraft:cave_vines":13,"minecraft:polished_deepslate_slab":6,"minecraft:oak_stairs":4,"minecraft:deepslate_brick_stairs":4,"minecraft:green_carpet":8,"minecraft:iron_block":1,"biomesoplenty:jacaranda_leaves":2,"soulsweapons:verglas_ore_deepslate":44,"born_in_chaos_v1:infected_deepslate_diamond_ore":1,"minecraft:torch":6,"minecraft:blast_furnace":1,"minecraft:mud":1,"minecraft:lilac":12,"minecraft:stone_brick_stairs":2,"minecraft:grass":653,"minecraft:deepslate":156,"minecraft:deepslate_tiles":1,"iceandfire:silver_ore":2,"minecraft:mossy_cobblestone":83,"epicsamurai:deepslate_onyx_ore":39,"biomemakeover:ancient_oak_log":5,"minecraft:dark_oak_log":38,"minecraft:cobbled_deepslate_slab":4,"minecraft:spruce_fence":4,"iceandfire:deepslate_silver_ore":1,"minecraft:moss_block":1,"minecraft:vine":1,"minecraft:rail":1,"minecraft:potted_allium":1,"epicsamurai:jade_ore":7,"minecraft:brown_carpet":1,"minecraft:stone_brick_slab":1,"biomesoplenty:high_grass_plant":2,"minecraft:tall_grass":81,"minecraft:deepslate_gold_ore":65,"minecraft:diorite":1,"minecraft:spruce_log":47,"minecraft:sunflower":1,"minecraft:gravel":11,"minecraft:cobweb":27,"minecraft:stone_bricks":2,"minecraft:gold_ore":1,"minecraft:fern":7,"minecraft:spruce_planks":20,"minecraft:stone_pressure_plate":2,"minecraft:farmland":1,"biomemakeover:wild_mushrooms":1,"minecraft:spruce_trapdoor":2,"minecraft:cave_vines_plant":5,"minecraft:grass_block":2488,"minecraft:iron_ore":73,"minecraft:anvil":2,"minecraft:iron_bars":1,"epicsamurai:deepslate_silver_ore":12,"graveyard:wither_skull_pile":1,"minecraft:deepslate_redstone_ore":1,"twigs:lamp":1,"minecraft:polished_deepslate_stairs":1,"biomesoplenty:hanging_cobweb_strand":1,"minecraft:chest":2,"minecraft:oak_planks":5,"minecraft:iron_door":2,"minecraft:wall_torch":8,"realmrpg_skeletons:bow_skeleton":1,"minecraft:tnt":2,"minecraft:smooth_stone_slab":4,"minecraft:cracked_deepslate_tiles":3,"minecraft:oak_log":11,"minecraft:dirt":2947,"realmrpg_skeletons:unsaved_skeleton":1,"minecraft:oak_leaves":7,"soulsweapons:verglas_ore":5,"realmrpg_skeletons:waterdrop_skeleton":1,"minecraft:tuff":3,"minecraft:deepslate_diamond_ore":29,"minecraft:oak_door":1,"minecraft:glow_lichen":2,"epicsamurai:deepslate_ruby_ore":85,"minecraft:spruce_leaves":39,"minecraft:rooted_dirt":1,"minecraft:hay_block":13,"minecraft:oak_trapdoor":2,"minecraft:spruce_sapling":9,"minecraft:furnace":5,"treechop:chopped_log":99,"minecraft:peony":1,"minecraft:gold_block":2,"soulsweapons:moonstone_ore_deepslate":113,"minecraft:bookshelf":12,"minecraft:deepslate_iron_ore":191,"minecraft:stripped_oak_log":3,"minecraft:stone":534,"minecraft:spruce_door":1,"epicsamurai:deepslate_aquamarine_ore":28,"minecraft:oak_fence":1,"minecraft:crafting_table":12,"minecraft:deepslate_coal_ore":11,"biomesoplenty:huge_clover_petal":2,"minecraft:coal_ore":140,"graveyard:leaning_skeleton":1,"minecraft:polished_andesite":4,"minecraft:mossy_stone_bricks":1,"epicsamurai:ruby_ore":3},"minecraft:crafted":{"globalxp:xp_block":1,"minecraft:cooked_mutton":2,"minecraft:iron_bars":16,"soulsweapons:bluemoon_greatsword":2,"epicsamurai:red_samurai_chestplate_light":1,"minecraft:cooked_porkchop":9,"minecraft:diamond_axe":1,"epicsamurai:blue_samurai_chestplate_light":1,"minecraft:iron_pickaxe":2,"epicsamurai:blue_samurai_boots":1,"minecraft:iron_block":60,"minecraft:gold_ingot":87,"minecraft:iron_nugget":531,"minecraft:bone_meal":84,"minecraft:spruce_fence":96,"minecraft:lantern":66,"minecraft:spruce_stairs":76,"epicsamurai:red_samurai_leggings_light":1,"dungeonnowloading:spawner_leggings":1,"minecraft:stone_pickaxe":2,"minecraft:dark_oak_planks":72,"minecraft:coal_block":35,"biomesoplenty:redwood_planks":12,"minecraft:wooden_axe":4,"minecraft:iron_leggings":2,"epicsamurai:steel_ingot":32,"minecraft:oak_planks":276,"minecraft:cooked_chicken":1,"soulsweapons:verglas_block":14,"minecraft:iron_boots":3,"epicsamurai:blue_samurai_helmet_light":1,"justhammers:diamond_hammer":2,"minecraft:chest":26,"dungeonnowloading:spawner_boots":1,"born_in_chaos_v1:pileof_dark_metal":7,"epicsamurai:red_samurai_boots_light":1,"dungeonnowloading:spawner_frame":32,"minecraft:crafting_table":3,"minecraft:spruce_planks":1560,"minecraft:baked_potato":15,"minecraft:wooden_pickaxe":2,"minecraft:iron_helmet":3,"minecraft:birch_planks":32,"minecraft:spruce_trapdoor":40,"minecraft:iron_chestplate":2,"minecraft:shield":1,"minecraft:stick":216,"minecraft:iron_ingot":1102,"artifacts:eternal_steak":1,"minecraft:coal":144,"soulsweapons:guts_sword":1,"minecraft:furnace":1,"minecraft:oak_trapdoor":48,"twigs:lamp":66,"minecraft:iron_axe":1,"epicsamurai:blue_samurai_leggings_light":1,"soulsweapons:moonstone_pickaxe":2,"soulsweapons:moonstone_block":28,"minecraft:cooked_beef":11,"minecraft:iron_sword":2,"minecraft:bucket":1,"minecraft:stone_axe":1,"minecraft:air":0,"epicsamurai:red_samurai_helmet_light":1,"dungeonnowloading:spawner_chestplate":1,"minecraft:stonecutter":1,"minecraft:torch":536},"minecraft:picked_up":{"minecraft:iron_chestplate":3,"minecraft:flower_pot":1,"minecraft:anvil":2,"minecraft:lead":2,"minecraft:oak_stairs":4,"minecraft:string":106,"biomemakeover:cladded_chestplate":1,"minecraft:cobbled_deepslate":1673,"bosses_of_mass_destruction:soul_star":5,"born_in_chaos_v1:charmof_power":1,"minecraft:spruce_planks":20,"minecraft:enchanted_golden_apple":1,"biomesoplenty:redwood_wood":334,"minecraft:coal_block":27,"artifacts:universal_attractor":1,"born_in_chaos_v1:shattered_skull":3,"born_in_chaos_v1:pileof_dark_metal":2,"minecraft:cherry_log":2,"irons_spellbooks:fire_rune":1,"minecraft:brown_carpet":2,"too_many_bows:arcane_bow":2,"relics:horse_flute":1,"minecraft:iron_block":2,"minecraft:iron_bars":1,"minecraft:birch_log":55,"minecraft:feather":6,"orcz:orcteeth":10,"minecraft:iron_door":2,"born_in_chaos_v1:spiritual_dust":5,"minecraft:lantern":5,"biomemakeover:crude_fragment":6,"minecraft:moss_block":1,"epicsamurai:raw_silver":26,"irons_spellbooks:legendary_ink":2,"sophisticatedbackpacks:iron_backpack":3,"minecraft:dark_oak_log":792,"minecraft:polished_andesite":6,"biomemakeover:green_glowshroom":1,"minecraft:deepslate":2,"minecraft:granite":1,"alexsmobs:maggot":4,"minecraft:rooted_dirt":1,"epicsamurai:ruby":95,"born_in_chaos_v1:rotten_fish":2,"iceandfire:raw_silver":3,"biomesoplenty:redwood_log":3,"minecraft:mud":1,"minecraft:crafting_table":11,"minecraft:clay_ball":8,"born_in_chaos_v1:seedof_chaos":10,"irons_spellbooks:tarnished_helmet":2,"born_in_chaos_v1:charmof_resistance":1,"biomemakeover:ancient_oak_log":28,"epicsamurai:jade":51,"born_in_chaos_v1:intoxicating_decoction":2,"dungeonnowloading:spawner_fragment":164,"minecraft:beef":6,"born_in_chaos_v1:gnawed_bones":5,"minecraft:chest":2,"minecraft:birch_sapling":24,"sons_of_sins:sickle_of_struggle":1,"minecraft:egg":4,"minecraft:polished_deepslate_slab":4,"minecraft:stone":1369,"minecraft:oak_door":2,"minecraft:spruce_fence":4,"born_in_chaos_v1:pieceofdarkmetal":57,"minecraft:carrot":5,"minecraft:redstone":27,"artifacts:everlasting_beef":1,"irons_spellbooks:evocation_rune":1,"minecraft:diamond_chestplate":1,"minecraft:decorated_pot":1,"minecraft:peony":1,"minecraft:deepslate_bricks":1,"minecraft:hay_block":13,"minecraft:gold_ingot":2,"biomesoplenty:redwood_sapling":44,"minecraft:glow_berries":18,"minecraft:mutton":11,"minecraft:rail":1,"minecraft:white_wool":6,"minecraft:stripped_oak_log":3,"epicsamurai:kitsune_hide":2,"born_in_chaos_v1:monster_flesh":27,"minecraft:red_mushroom":6,"minecraft:filled_map":1,"minecraft:oak_log":199,"minecraft:golden_boots":1,"minecraft:sculk_vein":30,"minecraft:white_banner":3,"minecraft:apple":13,"minecraft:stone_bricks":1,"minecraft:kelp":2,"epicsamurai:aquamarine":41,"minecraft:iron_sword":2,"minecraft:polished_andesite_stairs":1,"born_in_chaos_v1:ethereal_spirit":54,"minecraft:gravel":19,"minecraft:spruce_sapling":351,"born_in_chaos_v1:fangofthe_hound_leader":2,"minecraft:spruce_log":2937,"minecraft:leather_helmet":2,"minecraft:coal_ore":20,"minecraft:slime_ball":3,"irons_spellbooks:magehunter":1,"minecraft:ender_pearl":4,"irons_spellbooks:scroll":4,"minecraft:wheat":4,"soulsweapons:moonstone":116,"earthmobsmod:fancy_egg":1,"minecraft:turtle_egg":1,"minecraft:smooth_stone_slab":6,"minecraft:iron_leggings":1,"born_in_chaos_v1:dark_upgrade":1,"minecraft:armor_stand":1,"minecraft:oak_sign":5,"irons_spellbooks:arcane_essence":16,"minecraft:deepslate_tiles":1,"biomemakeover:ancient_oak_sapling":4,"minecraft:bucket":1,"twigs:pebble":2,"minecraft:rose_bush":2,"minecraft:redstone_torch":1,"minecraft:azalea":1,"alexsmobs:raccoon_tail":2,"minecraft:furnace":7,"minecraft:stick":25,"minecraft:oak_fence":2,"minecraft:polished_deepslate_stairs":1,"born_in_chaos_v1:phantom_powder":1,"minecraft:torch":61,"minecraft:porkchop":11,"minecraft:diorite":1,"born_in_chaos_v1:nightmare_claw":6,"minecraft:rotten_flesh":232,"soulsweapons:bluemoon_greatsword":1,"irons_spellbooks:arcane_debris":3,"minecraft:deepslate_brick_stairs":4,"minecraft:obsidian":10,"minecraft:cobblestone":304,"minecraft:nautilus_shell":1,"minecraft:lilac":12,"minecraft:potato":1,"alexsmobs:bear_fur":3,"create:raw_zinc":1,"minecraft:tuff":191,"minecraft:dirt":5454,"born_in_chaos_v1:monster_skin":23,"minecraft:bone":117,"minecraft:bow":2,"minecraft:wheat_seeds":274,"minecraft:raw_gold":78,"minecraft:cobbled_deepslate_slab":2,"minecraft:powered_rail":1,"twigs:twig":348,"minecraft:oak_planks":6,"earthmobsmod:harder_flesh":8,"sons_of_sins:flesh_of_demise":3,"minecraft:mossy_cobblestone":86,"born_in_chaos_v1:fire_dust":2,"minecraft:diamond":59,"waystones:waystone":5,"epicsamurai:jorogumo_eye":9,"minecraft:golden_apple":2,"soulsweapons:verglas":55,"minecraft:emerald":7,"minecraft:oak_sapling":70,"irons_spellbooks:uncommon_ink":1,"minecraft:fishing_rod":1,"minecraft:allium":1,"minecraft:azure_bluet":3,"minecraft:chicken":2,"minecraft:ladder":2,"irons_spellbooks:necronomicon_spell_book":1,"minecraft:brown_mushroom":14,"minecraft:gold_block":2,"minecraft:chain":9,"minecraft:shield":2,"minecraft:oak_trapdoor":2,"minecraft:moss_carpet":3,"minecraft:iron_axe":1,"artifacts:feral_claws":1,"minecraft:item_frame":6,"graveyard:corruption":1,"alexsmobs:elastic_tendon":4,"irons_spellbooks:epic_ink":3,"minecraft:light_gray_wool":1,"minecraft:spruce_trapdoor":2,"knightlib:small_essence":25,"minecraft:dark_oak_sapling":85,"minecraft:raw_iron":253,"twigs:lamp":1,"artifacts:vampiric_glove":2,"minecraft:stone_pressure_plate":1,"minecraft:dark_oak_planks":172,"minecraft:arrow":28,"artifacts:cowboy_hat":1,"artifacts:running_shoes":1,"minecraft:saddle":3,"epicsamurai:kitsune_tail":2,"born_in_chaos_v1:fused_bone":24,"born_in_chaos_v1:corpse_maggot":134,"artifacts:eternal_steak":1,"artifacts:novelty_drinking_hat":1,"minecraft:leather":6,"minecraft:gunpowder":13,"alexsmobs:unsettling_kimono":1,"minecraft:red_carpet":6,"born_in_chaos_v1:spider_mandible":2,"minecraft:iron_ingot":10,"minecraft:book":57,"epicsamurai:onyx":53,"minecraft:scaffolding":1,"artifacts:obsidian_skull":1,"born_in_chaos_v1:dark_rod":4,"minecraft:blast_furnace":1,"minecraft:white_bed":3,"minecraft:spider_eye":18,"minecraft:green_carpet":8,"minecraft:spruce_door":1,"biomemakeover:cladding_upgrade_smithing_template":2,"minecraft:iron_helmet":2,"minecraft:coal":324,"minecraft:sunflower":1}},"DataVersion":3465}