{"stats":{"minecraft:broken":{"irons_spellbooks:tarnished_helmet":1,"minecraft:iron_boots":1,"minecraft:stone_pickaxe":1,"minecraft:iron_sword":1,"minecraft:wooden_axe":2,"minecraft:iron_pickaxe":1,"minecraft:iron_helmet":1},"minecraft:killed_by":{"minecraft:creeper":1,"born_in_chaos_v1:baby_spider":1,"artifacts:mimic":1,"minecraft:player":2,"born_in_chaos_v1:dark_vortex":1,"born_in_chaos_v1:mother_spider":1,"irons_spellbooks:necromancer":4,"minecraft:skeleton":1,"tinyskeletons:baby_skeleton":1,"born_in_chaos_v1:dread_hound":1},"minecraft:used":{"minecraft:beetroot":11,"epicsamurai:blue_samurai_chestplate_light":1,"minecraft:oak_sign":1,"minecraft:chest":16,"minecraft:shield":5,"minecraft:stone":26,"minecraft:iron_sword":619,"minecraft:rotten_flesh":16,"minecraft:azure_bluet":2,"minecraft:milk_bucket":1,"born_in_chaos_v1:corpse_maggot":19,"minecraft:item_frame":2,"minecraft:furnace":7,"too_many_bows:arcane_bow":309,"minecraft:stone_pickaxe":175,"minecraft:wooden_pickaxe":25,"artifacts:eternal_steak":95,"minecraft:diamond_axe":521,"minecraft:glow_berries":21,"soulsweapons:bluemoon_greatsword":572,"minecraft:blast_furnace":1,"waystones:waystone":4,"minecraft:bread":1,"globalxp:xp_block":1,"born_in_chaos_v1:rotten_fish":1,"minecraft:experience_bottle":7,"minecraft:cooked_chicken":1,"minecraft:torch":283,"minecraft:dirt":5019,"minecraft:anvil":1,"minecraft:wooden_axe":124,"minecraft:dark_oak_planks":5,"minecraft:iron_axe":9,"minecraft:rooted_dirt":1,"minecraft:iron_boots":1,"minecraft:cooked_beef":11,"minecraft:cooked_mutton":2,"minecraft:water_bucket":90,"minecraft:baked_potato":15,"soulsweapons:moonstone_pickaxe":175,"minecraft:mossy_cobblestone":6,"justhammers:diamond_hammer":431,"minecraft:crafting_table":13,"minecraft:white_bed":2,"minecraft:diamond_pickaxe":662,"minecraft:apple":8,"minecraft:diamond_shovel":5171,"minecraft:iron_pickaxe":375,"minecraft:stone_axe":54,"minecraft:cobblestone":58,"minecraft:cooked_porkchop":7,"minecraft:bucket":92},"minecraft:custom":{"minecraft:interact_with_crafting_table":59,"minecraft:open_barrel":112,"minecraft:leave_game":11,"minecraft:time_since_death":125216,"minecraft:sprint_one_cm":2096015,"minecraft:damage_blocked_by_shield":365,"minecraft:drop":303,"minecraft:talked_to_villager":1,"minecraft:play_time":518621,"minecraft:deaths":16,"minecraft:jump":6383,"minecraft:walk_on_water_one_cm":71018,"minecraft:enchant_item":5,"minecraft:interact_with_furnace":117,"minecraft:interact_with_cartography_table":2,"minecraft:sleep_in_bed":17,"minecraft:waystone_activated":6,"minecraft:damage_dealt":62766,"minecraft:player_kills":4,"minecraft:crouch_one_cm":70620,"minecraft:interact_with_smoker":1,"minecraft:interact_with_smithing_table":1,"minecraft:interact_with_anvil":7,"minecraft:mob_kills":585,"minecraft:damage_dealt_resisted":14976,"minecraft:climb_one_cm":13505,"minecraft:walk_one_cm":1795459,"minecraft:damage_dealt_absorbed":80,"minecraft:sneak_time":16711,"minecraft:walk_under_water_one_cm":28936,"minecraft:interact_with_blast_furnace":44,"minecraft:total_world_time":518621,"minecraft:time_since_rest":48163,"minecraft:damage_taken":17659,"minecraft:trigger_trapped_chest":4,"minecraft:swim_one_cm":50903,"minecraft:fly_one_cm":1274225,"minecraft:open_chest":465,"minecraft:fall_one_cm":181857},"minecraft:crafted":{"minecraft:oak_planks":20,"globalxp:xp_block":1,"minecraft:cooked_chicken":1,"minecraft:cooked_mutton":2,"minecraft:iron_bars":16,"minecraft:iron_boots":3,"epicsamurai:blue_samurai_helmet_light":1,"justhammers:diamond_hammer":1,"minecraft:chest":16,"born_in_chaos_v1:pileof_dark_metal":1,"soulsweapons:bluemoon_greatsword":2,"epicsamurai:red_samurai_boots_light":1,"epicsamurai:red_samurai_chestplate_light":1,"minecraft:cooked_porkchop":9,"minecraft:diamond_axe":1,"minecraft:crafting_table":3,"minecraft:iron_helmet":3,"minecraft:wooden_pickaxe":2,"minecraft:baked_potato":15,"epicsamurai:blue_samurai_chestplate_light":1,"minecraft:iron_chestplate":2,"minecraft:shield":1,"minecraft:stick":84,"epicsamurai:blue_samurai_boots":1,"minecraft:iron_ingot":223,"minecraft:iron_pickaxe":2,"minecraft:iron_block":7,"minecraft:gold_ingot":87,"artifacts:eternal_steak":1,"soulsweapons:guts_sword":1,"minecraft:furnace":1,"epicsamurai:red_samurai_leggings_light":1,"minecraft:iron_axe":1,"epicsamurai:blue_samurai_leggings_light":1,"minecraft:stone_pickaxe":2,"soulsweapons:moonstone_pickaxe":2,"minecraft:dark_oak_planks":44,"minecraft:cooked_beef":11,"biomesoplenty:redwood_planks":12,"minecraft:iron_sword":2,"minecraft:bucket":1,"minecraft:stone_axe":1,"minecraft:air":0,"epicsamurai:red_samurai_helmet_light":1,"minecraft:wooden_axe":4,"minecraft:iron_leggings":2,"epicsamurai:steel_ingot":27,"minecraft:torch":280},"minecraft:mined":{"biomemakeover:mycelium_sprouts":1,"minecraft:stone_pressure_plate":2,"minecraft:white_bed":2,"biomemakeover:wild_mushrooms":1,"minecraft:obsidian":11,"minecraft:cave_vines_plant":5,"minecraft:granite":4,"minecraft:grass_block":2262,"epicsamurai:silver_ore":5,"minecraft:coal_block":14,"minecraft:spawner":32,"epicsamurai:deepslate_jade_ore":44,"minecraft:fire":14,"minecraft:iron_ore":69,"minecraft:cobbled_deepslate":4,"minecraft:anvil":1,"minecraft:cave_vines":13,"minecraft:polished_deepslate_slab":2,"epicsamurai:deepslate_silver_ore":12,"minecraft:deepslate_brick_stairs":3,"minecraft:green_carpet":8,"minecraft:iron_block":1,"minecraft:deepslate_redstone_ore":1,"soulsweapons:verglas_ore_deepslate":38,"minecraft:polished_deepslate_stairs":1,"biomesoplenty:hanging_cobweb_strand":1,"born_in_chaos_v1:infected_deepslate_diamond_ore":1,"minecraft:torch":4,"minecraft:blast_furnace":1,"minecraft:oak_planks":1,"minecraft:iron_door":2,"minecraft:wall_torch":3,"realmrpg_skeletons:bow_skeleton":1,"minecraft:mud":1,"minecraft:lilac":12,"minecraft:tnt":2,"minecraft:smooth_stone_slab":3,"minecraft:grass":614,"minecraft:cracked_deepslate_tiles":3,"minecraft:oak_log":9,"minecraft:dirt":2931,"realmrpg_skeletons:unsaved_skeleton":1,"minecraft:oak_leaves":6,"minecraft:deepslate_tiles":1,"minecraft:deepslate":123,"soulsweapons:verglas_ore":5,"realmrpg_skeletons:waterdrop_skeleton":1,"minecraft:tuff":3,"iceandfire:silver_ore":2,"minecraft:mossy_cobblestone":83,"epicsamurai:deepslate_onyx_ore":30,"biomemakeover:ancient_oak_log":5,"minecraft:deepslate_diamond_ore":14,"minecraft:dark_oak_log":38,"minecraft:glow_lichen":2,"epicsamurai:deepslate_ruby_ore":71,"iceandfire:deepslate_silver_ore":1,"minecraft:moss_block":1,"minecraft:rooted_dirt":1,"minecraft:hay_block":13,"minecraft:furnace":5,"treechop:chopped_log":60,"minecraft:peony":1,"minecraft:gold_block":2,"soulsweapons:moonstone_ore_deepslate":96,"minecraft:bookshelf":12,"minecraft:vine":1,"minecraft:deepslate_iron_ore":143,"minecraft:rail":1,"minecraft:stripped_oak_log":2,"minecraft:stone":533,"minecraft:potted_allium":1,"epicsamurai:jade_ore":3,"minecraft:spruce_door":1,"epicsamurai:deepslate_aquamarine_ore":24,"minecraft:crafting_table":11,"biomesoplenty:high_grass_plant":2,"minecraft:tall_grass":81,"minecraft:deepslate_coal_ore":11,"biomesoplenty:huge_clover_petal":2,"minecraft:deepslate_gold_ore":61,"minecraft:diorite":1,"minecraft:coal_ore":140,"minecraft:gravel":4,"minecraft:sunflower":1,"minecraft:cobweb":27,"minecraft:stone_bricks":2,"minecraft:polished_andesite":4,"minecraft:gold_ore":1,"minecraft:fern":6,"epicsamurai:ruby_ore":3},"minecraft:picked_up":{"irons_spellbooks:scroll":3,"minecraft:iron_chestplate":3,"minecraft:wheat":2,"minecraft:anvil":1,"minecraft:flower_pot":1,"soulsweapons:moonstone":116,"earthmobsmod:fancy_egg":1,"minecraft:turtle_egg":1,"minecraft:string":66,"minecraft:smooth_stone_slab":5,"minecraft:iron_leggings":1,"minecraft:armor_stand":1,"minecraft:oak_sign":3,"irons_spellbooks:arcane_essence":9,"minecraft:deepslate_tiles":1,"minecraft:bucket":1,"biomemakeover:ancient_oak_sapling":4,"minecraft:cobbled_deepslate":136,"bosses_of_mass_destruction:soul_star":4,"born_in_chaos_v1:charmof_power":1,"minecraft:rose_bush":2,"minecraft:redstone_torch":1,"minecraft:azalea":1,"minecraft:enchanted_golden_apple":1,"minecraft:coal_block":8,"minecraft:furnace":7,"minecraft:stick":25,"artifacts:universal_attractor":1,"born_in_chaos_v1:shattered_skull":3,"minecraft:polished_deepslate_stairs":1,"minecraft:torch":58,"minecraft:porkchop":11,"born_in_chaos_v1:pileof_dark_metal":2,"minecraft:cherry_log":2,"minecraft:diorite":1,"born_in_chaos_v1:nightmare_claw":3,"irons_spellbooks:fire_rune":1,"minecraft:brown_carpet":1,"minecraft:rotten_flesh":155,"too_many_bows:arcane_bow":1,"minecraft:iron_block":2,"soulsweapons:bluemoon_greatsword":1,"minecraft:deepslate_brick_stairs":3,"minecraft:obsidian":10,"minecraft:cobblestone":304,"minecraft:birch_log":55,"minecraft:feather":6,"minecraft:lilac":12,"minecraft:iron_door":2,"born_in_chaos_v1:spiritual_dust":5,"minecraft:potato":1,"minecraft:tuff":10,"create:raw_zinc":1,"minecraft:dirt":5199,"minecraft:lantern":2,"born_in_chaos_v1:monster_skin":17,"minecraft:bone":79,"minecraft:bow":1,"minecraft:wheat_seeds":261,"minecraft:raw_gold":77,"minecraft:powered_rail":1,"twigs:twig":83,"minecraft:moss_block":1,"epicsamurai:raw_silver":26,"minecraft:oak_planks":2,"irons_spellbooks:legendary_ink":2,"earthmobsmod:harder_flesh":4,"sophisticatedbackpacks:iron_backpack":3,"sons_of_sins:flesh_of_demise":2,"minecraft:dark_oak_log":785,"minecraft:mossy_cobblestone":86,"biomemakeover:green_glowshroom":1,"minecraft:polished_andesite":6,"born_in_chaos_v1:fire_dust":2,"minecraft:diamond":28,"waystones:waystone":4,"minecraft:granite":1,"minecraft:golden_apple":2,"soulsweapons:verglas":55,"minecraft:emerald":4,"epicsamurai:ruby":95,"minecraft:rooted_dirt":1,"minecraft:oak_sapling":70,"born_in_chaos_v1:rotten_fish":2,"iceandfire:raw_silver":3,"biomesoplenty:redwood_log":3,"minecraft:fishing_rod":1,"minecraft:mud":1,"minecraft:crafting_table":10,"minecraft:ladder":2,"minecraft:allium":1,"minecraft:azure_bluet":3,"minecraft:chicken":1,"minecraft:clay_ball":8,"minecraft:brown_mushroom":14,"born_in_chaos_v1:seedof_chaos":8,"irons_spellbooks:necronomicon_spell_book":1,"irons_spellbooks:tarnished_helmet":1,"born_in_chaos_v1:charmof_resistance":1,"minecraft:gold_block":2,"biomemakeover:ancient_oak_log":28,"minecraft:chain":6,"minecraft:shield":2,"minecraft:moss_carpet":3,"minecraft:iron_axe":1,"born_in_chaos_v1:intoxicating_decoction":2,"minecraft:item_frame":6,"epicsamurai:jade":51,"dungeonnowloading:spawner_fragment":156,"graveyard:corruption":1,"minecraft:beef":6,"alexsmobs:elastic_tendon":4,"born_in_chaos_v1:gnawed_bones":5,"irons_spellbooks:epic_ink":3,"minecraft:birch_sapling":24,"knightlib:small_essence":19,"minecraft:egg":4,"minecraft:dark_oak_sapling":85,"minecraft:raw_iron":253,"minecraft:polished_deepslate_slab":2,"minecraft:stone":1369,"artifacts:vampiric_glove":2,"born_in_chaos_v1:pieceofdarkmetal":45,"minecraft:carrot":5,"minecraft:redstone":5,"minecraft:stone_pressure_plate":1,"minecraft:dark_oak_planks":172,"artifacts:everlasting_beef":1,"minecraft:arrow":17,"artifacts:cowboy_hat":1,"minecraft:decorated_pot":1,"minecraft:peony":1,"minecraft:deepslate_bricks":1,"minecraft:hay_block":13,"artifacts:running_shoes":1,"minecraft:gold_ingot":2,"biomesoplenty:redwood_sapling":1,"minecraft:glow_berries":18,"minecraft:mutton":7,"born_in_chaos_v1:fused_bone":8,"minecraft:rail":1,"minecraft:white_wool":5,"epicsamurai:kitsune_tail":2,"epicsamurai:kitsune_hide":1,"minecraft:stripped_oak_log":2,"born_in_chaos_v1:corpse_maggot":57,"born_in_chaos_v1:monster_flesh":19,"minecraft:leather":4,"minecraft:red_mushroom":6,"minecraft:filled_map":1,"minecraft:oak_log":197,"minecraft:golden_boots":1,"minecraft:gunpowder":9,"minecraft:sculk_vein":6,"minecraft:white_banner":1,"minecraft:red_carpet":1,"minecraft:apple":13,"minecraft:stone_bricks":1,"minecraft:iron_ingot":10,"epicsamurai:aquamarine":37,"minecraft:iron_sword":1,"minecraft:book":57,"epicsamurai:onyx":48,"minecraft:scaffolding":1,"minecraft:polished_andesite_stairs":1,"artifacts:obsidian_skull":1,"born_in_chaos_v1:ethereal_spirit":23,"minecraft:gravel":4,"born_in_chaos_v1:dark_rod":3,"born_in_chaos_v1:fangofthe_hound_leader":2,"minecraft:blast_furnace":1,"minecraft:white_bed":2,"minecraft:green_carpet":8,"minecraft:spider_eye":6,"minecraft:spruce_door":1,"minecraft:leather_helmet":2,"minecraft:coal_ore":20,"minecraft:slime_ball":1,"minecraft:iron_helmet":2,"minecraft:coal":324,"minecraft:sunflower":1},"minecraft:killed":{"born_in_chaos_v1:zombie_clown":1,"earthmobsmod:duck":4,"creeperoverhaul:hills_creeper":2,"knightquest:eldknight":1,"minecraft:cave_spider":4,"minecraft:witch":1,"graveyard:skeleton_creeper":2,"born_in_chaos_v1:restless_spirit":9,"born_in_chaos_v1:zombie_lumberjack":2,"born_in_chaos_v1:skeleton_demoman":2,"irons_spellbooks:pyromancer":1,"minecraft:spider":18,"born_in_chaos_v1:siamese_skeletonsright":5,"minecraft:zombie_horse":1,"born_in_chaos_v1:scarlet_persecutor":2,"minecraft:skeleton":46,"friendsandfoes:glare":1,"realmrpg_demons:chort":9,"born_in_chaos_v1:skeleton_thrasher":4,"earthmobsmod:cookie_cow":3,"alexsmobs:centipede_head":1,"irons_spellbooks:summoned_skeleton":7,"born_in_chaos_v1:firelight_not_despawn":2,"artifacts:mimic":3,"born_in_chaos_v1:bonescaller":3,"minecraft:pig":4,"minecraft:zombie_villager":4,"born_in_chaos_v1:diamond_termite":1,"epicsamurai:kitsune":1,"epicsamurai:jorogumo":4,"irons_spellbooks:necromancer":6,"minecraft:creeper":20,"minecraft:sheep":2,"born_in_chaos_v1:zombie_fisherman":2,"tinyskeletons:baby_skeleton":1,"minecraft:zombie":124,"born_in_chaos_v1:dread_hound":22,"born_in_chaos_v1:corpse_fly":53,"born_in_chaos_v1:door_knight":1,"born_in_chaos_v1:siamese_skeletonsleft":5,"earthmobsmod:sunset_cow":1,"born_in_chaos_v1:missioner":2,"irons_spellbooks:summoned_zombie":11,"graveyard:nightmare":1,"born_in_chaos_v1:zombie_bruiser":5,"born_in_chaos_v1:maggot":68,"born_in_chaos_v1:baby_spider":18,"minecraft:horse":1,"born_in_chaos_v1:dire_hound_leader":1,"earthmobsmod:fancy_chicken":1,"earthmobsmod:pinto_cow":1,"minecraft:drowned":6,"born_in_chaos_v1:corpse_fish":3,"born_in_chaos_v1:barrel_zombie":2,"born_in_chaos_v1:siamese_skeletons":4,"born_in_chaos_v1:spiritof_chaos":5,"born_in_chaos_v1:fallen_chaos_knight":2,"earthmobsmod:bouldering_zombie":9,"graveyard:ghoul":1,"born_in_chaos_v1:baby_skeleton":5,"born_in_chaos_v1:swarmer":6,"minecraft:bat":1,"born_in_chaos_v1:mother_spider":1,"born_in_chaos_v1:decrepit_skeleton":12,"born_in_chaos_v1:bloody_gadfly":1,"born_in_chaos_v1:decaying_zombie":8,"alexsmobs:cockroach":3,"sons_of_sins:betrayed_guzzler":3,"born_in_chaos_v1:dark_vortex":2,"born_in_chaos_v1:nightmare_stalker":3,"earthmobsmod:horned_sheep":3},"minecraft:dropped":{"sophisticatedbackpacks:iron_backpack":3,"knightlib:small_essence":5,"iceandfire:raw_silver":1,"minecraft:moss_block":1,"minecraft:iron_sword":3,"minecraft:brown_mushroom":14,"minecraft:oak_log":1,"epicsamurai:red_samurai_chestplate_light":1,"minecraft:diamond":4,"minecraft:cooked_porkchop":2,"relics:infinity_ham":3,"minecraft:leather":2,"relics:horse_flute":1,"minecraft:rail":1,"minecraft:item_frame":3,"minecraft:leather_helmet":4,"minecraft:red_mushroom":6,"epicsamurai:red_samurai_helmet_light":1,"born_in_chaos_v1:monster_flesh":2,"minecraft:dirt":180,"too_many_bows:burnt_relic":1,"minecraft:dark_oak_log":273,"born_in_chaos_v1:monster_skin":1,"minecraft:mutton":6,"irons_spellbooks:arcane_essence":3,"minecraft:chain":5,"minecraft:sunflower":1,"minecraft:iron_pickaxe":3,"minecraft:dark_oak_planks":321,"irons_spellbooks:emerald_stoneplate_ring":1,"minecraft:white_wool":4,"twigs:twig":83,"minecraft:armor_stand":1,"minecraft:bone":66,"minecraft:gravel":4,"born_in_chaos_v1:fire_dust":2,"simplyswords:iron_katana":1,"minecraft:cobbled_deepslate":55,"biomesoplenty:redwood_sapling":1,"minecraft:wheat":4,"soulsweapons:moonstone":4,"minecraft:birch_sapling":24,"minecraft:rotten_flesh":123,"minecraft:oak_planks":2,"minecraft:azure_bluet":1,"biomesoplenty:glowing_moss_block":2,"minecraft:carrot":4,"bosses_of_mass_destruction:soul_star":2,"born_in_chaos_v1:seedof_chaos":1,"minecraft:trident":1,"minecraft:gunpowder":8,"minecraft:coal_ore":20,"born_in_chaos_v1:corpse_maggot":26,"minecraft:ladder":2,"soulsweapons:moonstone_pickaxe":1,"minecraft:arrow":2,"minecraft:powered_rail":1,"minecraft:egg":2,"minecraft:iron_ingot":2,"minecraft:water_bucket":1,"minecraft:golden_boots":1,"minecraft:wheat_seeds":262,"minecraft:golden_helmet":1,"minecraft:lilac":12,"minecraft:cherry_log":2,"minecraft:mossy_cobblestone":80,"epicsamurai:red_samurai_boots_light":1,"soulsweapons:bluemoon_greatsword":2,"minecraft:feather":6,"minecraft:iron_helmet":4,"minecraft:cobblestone":101,"minecraft:sculk_vein":6,"minecraft:apple":9,"epicsamurai:red_samurai_leggings_light":1,"simplyswords:gold_glaive":1,"minecraft:coal":41,"minecraft:stick":5,"minecraft:turtle_egg":1,"born_in_chaos_v1:gnawed_bones":2,"minecraft:deepslate_brick_stairs":2,"irons_spellbooks:affinity_ring":1,"minecraft:torch":145,"minecraft:wooden_axe":1,"minecraft:rose_bush":2,"born_in_chaos_v1:fused_bone":2,"minecraft:iron_leggings":4,"minecraft:white_banner":1,"minecraft:iron_axe":1,"minecraft:mud":1,"biomesoplenty:glowshroom":1,"minecraft:iron_shovel":1,"minecraft:string":64,"minecraft:bucket":1,"sophisticatedbackpacks:pickup_upgrade":1,"create:raw_zinc":3,"minecraft:redstone":5,"minecraft:moss_carpet":3,"minecraft:smooth_stone_slab":5,"minecraft:tuff":9,"minecraft:raw_iron":4,"born_in_chaos_v1:rotten_fish":1,"earthmobsmod:fancy_egg":1,"biomesoplenty:redwood_planks":12,"minecraft:clay_ball":8,"minecraft:iron_boots":2,"minecraft:oak_sign":2,"dungeonnowloading:spawner_fragment":4,"minecraft:filled_map":2,"minecraft:potato":1,"minecraft:shield":2,"minecraft:flower_pot":1,"minecraft:allium":1,"minecraft:peony":1,"too_many_bows:arcane_bow":1,"minecraft:iron_chestplate":3,"minecraft:oak_sapling":67,"minecraft:redstone_torch":1,"minecraft:stone_pressure_plate":1,"minecraft:spider_eye":3,"minecraft:brown_carpet":1,"minecraft:stone_pickaxe":1,"simplyswords:diamond_scythe":1,"minecraft:wooden_pickaxe":1,"minecraft:raw_gold":5}},"DataVersion":3465}