{"stats":{"minecraft:killed":{"earthmobsmod:duck":4,"minecraft:cave_spider":4,"born_in_chaos_v1:restless_spirit":2,"minecraft:spider":5,"born_in_chaos_v1:siamese_skeletonsright":1,"born_in_chaos_v1:scarlet_persecutor":1,"minecraft:skeleton":10,"friendsandfoes:glare":1,"realmrpg_demons:chort":6,"earthmobsmod:cookie_cow":3,"irons_spellbooks:summoned_skeleton":5,"born_in_chaos_v1:firelight_not_despawn":2,"artifacts:mimic":2,"born_in_chaos_v1:bonescaller":1,"minecraft:pig":4,"born_in_chaos_v1:diamond_termite":1,"minecraft:zombie_villager":2,"irons_spellbooks:necromancer":3,"minecraft:creeper":3,"minecraft:sheep":1,"minecraft:zombie":21,"born_in_chaos_v1:dread_hound":3,"born_in_chaos_v1:corpse_fly":34,"born_in_chaos_v1:siamese_skeletonsleft":1,"irons_spellbooks:summoned_zombie":4,"born_in_chaos_v1:zombie_bruiser":2,"born_in_chaos_v1:maggot":12,"born_in_chaos_v1:baby_spider":15,"born_in_chaos_v1:corpse_fish":1,"born_in_chaos_v1:siamese_skeletons":1,"born_in_chaos_v1:spiritof_chaos":2,"born_in_chaos_v1:fallen_chaos_knight":1,"earthmobsmod:bouldering_zombie":6,"born_in_chaos_v1:baby_skeleton":1,"born_in_chaos_v1:swarmer":2,"minecraft:bat":1,"born_in_chaos_v1:mother_spider":1,"born_in_chaos_v1:decrepit_skeleton":3,"born_in_chaos_v1:decaying_zombie":1,"alexsmobs:cockroach":2,"born_in_chaos_v1:dark_vortex":1,"born_in_chaos_v1:nightmare_stalker":1},"minecraft:used":{"minecraft:beetroot":11,"minecraft:chest":12,"minecraft:shield":5,"minecraft:iron_sword":492,"minecraft:rotten_flesh":16,"minecraft:azure_bluet":2,"born_in_chaos_v1:corpse_maggot":19,"minecraft:item_frame":2,"minecraft:furnace":7,"too_many_bows:arcane_bow":1,"minecraft:stone_pickaxe":175,"minecraft:wooden_pickaxe":25,"artifacts:eternal_steak":15,"minecraft:glow_berries":21,"soulsweapons:bluemoon_greatsword":125,"minecraft:blast_furnace":1,"minecraft:bread":1,"globalxp:xp_block":1,"born_in_chaos_v1:rotten_fish":1,"minecraft:cooked_chicken":1,"minecraft:torch":153,"minecraft:wooden_axe":124,"minecraft:dark_oak_planks":5,"minecraft:iron_axe":9,"minecraft:rooted_dirt":1,"minecraft:iron_boots":1,"minecraft:cooked_beef":11,"minecraft:cooked_mutton":2,"minecraft:water_bucket":27,"minecraft:baked_potato":15,"soulsweapons:moonstone_pickaxe":115,"minecraft:crafting_table":12,"minecraft:white_bed":1,"minecraft:apple":7,"minecraft:iron_pickaxe":375,"minecraft:stone_axe":54,"minecraft:cobblestone":58,"minecraft:cooked_porkchop":7,"minecraft:bucket":29},"minecraft:crafted":{"minecraft:oak_planks":20,"globalxp:xp_block":1,"minecraft:cooked_chicken":1,"minecraft:cooked_mutton":2,"minecraft:iron_bars":16,"minecraft:iron_boots":3,"epicsamurai:blue_samurai_helmet_light":1,"minecraft:chest":12,"soulsweapons:bluemoon_greatsword":2,"epicsamurai:red_samurai_boots_light":1,"epicsamurai:red_samurai_chestplate_light":1,"minecraft:cooked_porkchop":9,"minecraft:crafting_table":2,"minecraft:wooden_pickaxe":2,"minecraft:iron_helmet":3,"minecraft:baked_potato":15,"epicsamurai:blue_samurai_chestplate_light":1,"minecraft:iron_chestplate":2,"minecraft:shield":1,"minecraft:stick":56,"minecraft:iron_ingot":163,"epicsamurai:blue_samurai_boots":1,"minecraft:iron_pickaxe":2,"minecraft:gold_ingot":23,"artifacts:eternal_steak":1,"minecraft:furnace":1,"epicsamurai:red_samurai_leggings_light":1,"minecraft:iron_axe":1,"epicsamurai:blue_samurai_leggings_light":1,"minecraft:stone_pickaxe":2,"soulsweapons:moonstone_pickaxe":2,"minecraft:dark_oak_planks":40,"minecraft:cooked_beef":11,"minecraft:iron_sword":2,"minecraft:bucket":1,"minecraft:stone_axe":1,"minecraft:air":0,"epicsamurai:red_samurai_helmet_light":1,"minecraft:wooden_axe":4,"minecraft:iron_leggings":2,"epicsamurai:steel_ingot":27,"minecraft:torch":200},"minecraft:mined":{"biomemakeover:mycelium_sprouts":1,"minecraft:stone_pressure_plate":2,"minecraft:white_bed":2,"minecraft:obsidian":10,"minecraft:cave_vines_plant":5,"minecraft:granite":3,"minecraft:coal_block":14,"minecraft:spawner":9,"epicsamurai:deepslate_jade_ore":24,"minecraft:cobbled_deepslate":1,"minecraft:fire":14,"minecraft:iron_ore":41,"minecraft:anvil":1,"minecraft:cave_vines":13,"epicsamurai:deepslate_silver_ore":12,"minecraft:green_carpet":8,"minecraft:iron_block":1,"minecraft:deepslate_redstone_ore":1,"soulsweapons:verglas_ore_deepslate":18,"biomesoplenty:hanging_cobweb_strand":1,"born_in_chaos_v1:infected_deepslate_diamond_ore":1,"minecraft:torch":2,"minecraft:blast_furnace":1,"minecraft:oak_planks":1,"minecraft:wall_torch":2,"realmrpg_skeletons:bow_skeleton":1,"minecraft:mud":1,"minecraft:tnt":2,"minecraft:smooth_stone_slab":3,"minecraft:grass":1,"minecraft:oak_log":2,"minecraft:dirt":6,"realmrpg_skeletons:unsaved_skeleton":1,"minecraft:oak_leaves":2,"minecraft:deepslate":48,"minecraft:tuff":3,"epicsamurai:deepslate_onyx_ore":13,"minecraft:deepslate_diamond_ore":5,"minecraft:dark_oak_log":19,"minecraft:glow_lichen":2,"epicsamurai:deepslate_ruby_ore":45,"iceandfire:deepslate_silver_ore":1,"minecraft:moss_block":1,"minecraft:rooted_dirt":1,"minecraft:hay_block":13,"minecraft:furnace":5,"treechop:chopped_log":7,"minecraft:gold_block":2,"soulsweapons:moonstone_ore_deepslate":44,"minecraft:bookshelf":12,"minecraft:deepslate_iron_ore":76,"minecraft:rail":1,"minecraft:stripped_oak_log":2,"minecraft:stone":181,"minecraft:potted_allium":1,"epicsamurai:jade_ore":3,"minecraft:spruce_door":1,"epicsamurai:deepslate_aquamarine_ore":13,"minecraft:crafting_table":11,"minecraft:deepslate_coal_ore":2,"minecraft:diorite":1,"minecraft:coal_ore":82,"minecraft:gravel":4,"minecraft:cobweb":25,"epicsamurai:ruby_ore":3},"minecraft:broken":{"irons_spellbooks:tarnished_helmet":1,"minecraft:iron_boots":1,"minecraft:stone_pickaxe":1,"minecraft:iron_sword":1,"minecraft:wooden_axe":2,"minecraft:iron_pickaxe":1,"minecraft:iron_helmet":1},"minecraft:dropped":{"sophisticatedbackpacks:iron_backpack":3,"iceandfire:raw_silver":1,"minecraft:iron_sword":2,"knightlib:small_essence":1,"minecraft:moss_block":1,"minecraft:brown_mushroom":9,"epicsamurai:red_samurai_chestplate_light":1,"minecraft:diamond":4,"minecraft:cooked_porkchop":2,"relics:infinity_ham":3,"minecraft:leather":2,"relics:horse_flute":1,"minecraft:rail":1,"minecraft:red_mushroom":4,"minecraft:item_frame":1,"epicsamurai:red_samurai_helmet_light":1,"born_in_chaos_v1:monster_flesh":2,"too_many_bows:burnt_relic":1,"minecraft:dark_oak_log":273,"born_in_chaos_v1:monster_skin":1,"minecraft:chain":5,"minecraft:iron_pickaxe":3,"minecraft:dark_oak_planks":321,"irons_spellbooks:emerald_stoneplate_ring":1,"minecraft:bone":16,"minecraft:gravel":4,"minecraft:cobbled_deepslate":41,"minecraft:wheat":4,"soulsweapons:moonstone":4,"minecraft:rotten_flesh":25,"minecraft:oak_planks":2,"biomesoplenty:glowing_moss_block":2,"born_in_chaos_v1:seedof_chaos":1,"minecraft:gunpowder":2,"born_in_chaos_v1:corpse_maggot":8,"soulsweapons:moonstone_pickaxe":1,"minecraft:arrow":2,"minecraft:water_bucket":1,"minecraft:golden_boots":1,"minecraft:wheat_seeds":2,"minecraft:golden_helmet":1,"epicsamurai:red_samurai_boots_light":1,"soulsweapons:bluemoon_greatsword":1,"minecraft:feather":6,"minecraft:iron_helmet":3,"minecraft:cobblestone":11,"epicsamurai:red_samurai_leggings_light":1,"minecraft:coal":2,"minecraft:stick":4,"born_in_chaos_v1:gnawed_bones":1,"irons_spellbooks:affinity_ring":1,"minecraft:torch":145,"minecraft:wooden_axe":1,"minecraft:iron_leggings":3,"minecraft:iron_axe":1,"minecraft:mud":1,"biomesoplenty:glowshroom":1,"minecraft:iron_shovel":1,"minecraft:string":62,"minecraft:bucket":1,"create:raw_zinc":3,"minecraft:redstone":5,"minecraft:moss_carpet":3,"minecraft:smooth_stone_slab":5,"minecraft:tuff":9,"minecraft:raw_iron":4,"minecraft:clay_ball":4,"minecraft:iron_boots":2,"minecraft:oak_sign":2,"dungeonnowloading:spawner_fragment":4,"minecraft:filled_map":2,"minecraft:shield":1,"minecraft:flower_pot":1,"minecraft:allium":1,"too_many_bows:arcane_bow":1,"minecraft:iron_chestplate":2,"minecraft:redstone_torch":1,"minecraft:stone_pressure_plate":1,"minecraft:spider_eye":2,"minecraft:brown_carpet":1,"minecraft:stone_pickaxe":1,"minecraft:wooden_pickaxe":1},"minecraft:custom":{"minecraft:interact_with_crafting_table":47,"minecraft:open_barrel":47,"minecraft:leave_game":8,"minecraft:time_since_death":341,"minecraft:sprint_one_cm":701144,"minecraft:damage_blocked_by_shield":365,"minecraft:drop":152,"minecraft:talked_to_villager":1,"minecraft:play_time":224240,"minecraft:deaths":13,"minecraft:jump":2714,"minecraft:walk_on_water_one_cm":30737,"minecraft:interact_with_furnace":108,"minecraft:interact_with_cartography_table":1,"minecraft:sleep_in_bed":2,"minecraft:waystone_activated":1,"minecraft:damage_dealt":29188,"minecraft:crouch_one_cm":25389,"minecraft:interact_with_smoker":1,"minecraft:mob_kills":186,"minecraft:interact_with_anvil":1,"minecraft:damage_dealt_resisted":3319,"minecraft:climb_one_cm":6498,"minecraft:walk_one_cm":622591,"minecraft:damage_dealt_absorbed":80,"minecraft:sneak_time":7336,"minecraft:walk_under_water_one_cm":11316,"minecraft:interact_with_blast_furnace":43,"minecraft:total_world_time":224240,"minecraft:time_since_rest":363,"minecraft:damage_taken":10768,"minecraft:trigger_trapped_chest":2,"minecraft:swim_one_cm":16619,"minecraft:fly_one_cm":442611,"minecraft:open_chest":227,"minecraft:fall_one_cm":70647},"minecraft:picked_up":{"minecraft:iron_chestplate":1,"minecraft:wheat":2,"minecraft:flower_pot":1,"minecraft:anvil":1,"soulsweapons:moonstone":46,"minecraft:string":61,"minecraft:smooth_stone_slab":5,"minecraft:oak_sign":2,"irons_spellbooks:arcane_essence":2,"minecraft:cobbled_deepslate":53,"minecraft:redstone_torch":1,"minecraft:azalea":1,"minecraft:coal_block":8,"minecraft:furnace":7,"minecraft:stick":24,"artifacts:universal_attractor":1,"minecraft:torch":55,"born_in_chaos_v1:pileof_dark_metal":1,"minecraft:porkchop":11,"minecraft:diorite":1,"born_in_chaos_v1:nightmare_claw":1,"minecraft:brown_carpet":1,"minecraft:rotten_flesh":35,"too_many_bows:arcane_bow":1,"minecraft:iron_block":2,"minecraft:obsidian":10,"minecraft:cobblestone":190,"minecraft:feather":6,"minecraft:tuff":10,"create:raw_zinc":1,"minecraft:lantern":2,"born_in_chaos_v1:monster_skin":6,"minecraft:bone":15,"minecraft:bow":1,"minecraft:wheat_seeds":1,"minecraft:moss_block":1,"epicsamurai:raw_silver":12,"minecraft:oak_planks":2,"earthmobsmod:harder_flesh":4,"sophisticatedbackpacks:iron_backpack":3,"minecraft:dark_oak_log":280,"minecraft:diamond":11,"soulsweapons:verglas":19,"minecraft:emerald":4,"epicsamurai:ruby":48,"minecraft:rooted_dirt":1,"minecraft:oak_sapling":3,"born_in_chaos_v1:rotten_fish":1,"iceandfire:raw_silver":1,"minecraft:mud":1,"minecraft:crafting_table":10,"minecraft:allium":1,"minecraft:azure_bluet":2,"minecraft:chicken":1,"minecraft:clay_ball":4,"born_in_chaos_v1:seedof_chaos":5,"irons_spellbooks:tarnished_helmet":1,"minecraft:brown_mushroom":9,"minecraft:gold_block":2,"minecraft:chain":5,"minecraft:moss_carpet":3,"epicsamurai:jade":29,"minecraft:item_frame":2,"dungeonnowloading:spawner_fragment":15,"minecraft:beef":6,"born_in_chaos_v1:gnawed_bones":2,"knightlib:small_essence":3,"minecraft:dark_oak_sapling":30,"minecraft:raw_iron":123,"artifacts:vampiric_glove":2,"born_in_chaos_v1:pieceofdarkmetal":15,"minecraft:redstone":5,"minecraft:stone_pressure_plate":1,"minecraft:dark_oak_planks":172,"artifacts:everlasting_beef":1,"minecraft:arrow":8,"artifacts:cowboy_hat":1,"minecraft:deepslate_bricks":1,"minecraft:hay_block":13,"artifacts:running_shoes":1,"minecraft:glow_berries":18,"minecraft:mutton":1,"minecraft:rail":1,"minecraft:white_wool":1,"born_in_chaos_v1:fused_bone":2,"minecraft:stripped_oak_log":2,"born_in_chaos_v1:corpse_maggot":29,"born_in_chaos_v1:monster_flesh":1,"minecraft:leather":4,"minecraft:red_mushroom":4,"minecraft:filled_map":1,"minecraft:oak_log":4,"minecraft:golden_boots":1,"minecraft:gunpowder":2,"minecraft:red_carpet":1,"minecraft:apple":3,"minecraft:iron_ingot":7,"epicsamurai:aquamarine":13,"minecraft:book":57,"epicsamurai:onyx":13,"minecraft:scaffolding":1,"born_in_chaos_v1:ethereal_spirit":6,"minecraft:gravel":4,"born_in_chaos_v1:dark_rod":2,"minecraft:blast_furnace":1,"minecraft:white_bed":1,"minecraft:green_carpet":8,"minecraft:spider_eye":2,"minecraft:spruce_door":1,"minecraft:iron_helmet":1,"minecraft:coal":196},"minecraft:killed_by":{"minecraft:creeper":1,"born_in_chaos_v1:baby_spider":1,"artifacts:mimic":1,"minecraft:player":2,"born_in_chaos_v1:dark_vortex":1,"born_in_chaos_v1:mother_spider":1,"irons_spellbooks:necromancer":3,"minecraft:skeleton":1,"tinyskeletons:baby_skeleton":1,"born_in_chaos_v1:dread_hound":1}},"DataVersion":3465}